ProteinID	GeneSymbol	Description	S01	S02	S03	S04	S05	S06	S07	S08	S09	S10	S11	S12	S13	S14	S15	S16
P00001	GENE1	Protein 1	15311500.015944244	24365952.60972601	2590392.9594018618	29543325.096757885	25106083.7907698	1497855.7433994813	13650638.941030798	4874225.707351777	544584.2385592184	41294677.35223989	3133407.007163033	52411536.80786632	3392301.591915556	200733705.35468242	2224840.514049543	14950770.295643123
P00002	GENE2	Protein 2	19286102.399906516	2691443.8787680333	2248495.8235944277	8595556.902455263	12757277.306460494	9355764.703082198	5871707.480489765	9983674.19393204	1754351.347415525	27437772.7342494	33467886.723759584	6175529.46934046	2983459.4022009517	2466166.952686835	3689454.4644667204	9216715.233536739
P00003	GENE3	Protein 3	4785380.631847606	172753209.11274943	3318380.4922647336	165652463.22186813	3165144.226301357	6110845.4672022695	2380366.169402465	17600034.644254956	3723231.656421071	53010747.03520756	6010680.14515756	15223653.877362983	76519670.23544358	2205263.5373405903	1818773.4855880241	1529263.4481807514
P00004	GENE4	Protein 4	3719353.434469057	20808743.714152284	1965517.7311564668	5150392.902757904	1007872.5163410313	1170068.069484096	22280262.353553638	15800540.698432798	8504427.145839946	25209651.287931107	1049817.763548352	37022739.772571325	1558863.0034140106	6405176.363053287	377945.72233278904	561760080.7799666
P00005	GENE5	Protein 5	5928534.796203617	122675296.95138444	8182074.926597524	785502.1320417213	5191359.034986932	33806258.13312319	839426.9924290075	80760459.98406848	6462149.052720987	13822163.381539892	1640381.5602961325	15480503.41561649	714278.0563985835	26339571.225553658	739631.5436954956	26104657.79231039
P00006	GENE6	Protein 6	480539.3333487676	120588171.44303043	8346629.343316146	5340010.598402822	21619783.989424452	10627494.416645922	6049543.094792701	23372780.05756776	276760.5963903807	2834359.6590593033	2517702.5890335236	20529112.166537818	1550655.4458689347	16884704.51683221	382343.3364184985	12123073.454509282
P00007	GENE7	Protein 7	32443333.590276346	52401909.792125545	17689148.75276325	17236870.007465076	5726346.90423544	24993040.395907737	6110343.932301957	96378020.84252225	28693742.84999199	27108576.034719788	899097.1743609007	25262328.24146061	3118724.869407453	7732080.721678959	3084974.896032319	16453059.188508105
P00008	GENE8	Protein 8	239385.53271458327	44603749.681716464	55639181.66905157	56955100.36105776	2212481.3407281414	93737698.00653882	4261489.304853152	5963682.373029396	862962.3823710299	71372113.980176	2491290.5072050844	2608530.8092195448	2862129.479358075	17195822.954988778	195272.66333820816	18121577.29610415
P00009	GENE9	Protein 9	8679577.989992028	132023400.38843657	6962523.409731223	48981629.34024841	3297415.8445467744	66031476.14188518	15026412.655643363	12820102.790091986	13441433.290449213	134133941.09794909	263261.47369906714	2862915.858994182	5802852.631736967	14938396.261881594	16578347.29736527	32800231.21022719
P00010	GENE10	Protein 10	3097339.462155491	31067088.236490496	3799772.311586619	6069430.139947295	25462933.697556403	174233620.31205466	2307210.6950261164	8132903.971952514	27658017.40569538	92999780.60629058	7641722.6525520105	19665733.62704976	26532118.44081241	34789472.34514244	1086390.5757381914	189269559.166742
P00011	GENE11	Protein 11	8786070.913608601	32460554.721762102	3052203.2071395474	108499328.11052762	7677269.316279601	15262159.486584783	8842440.351019584	26502409.14761809	11136949.223296534	9328835.992165258	4784374.67248225	63233369.40999033	16375574.622568814	15714047.605989175	1460014.4013665477	12891136.853219017
P00012	GENE12	Protein 12	6057100.405060585	19442800.64273399	4041259.524952364	1151663.743018326	2729120.6133942017	4206213.8649024535	768203.8565174512	9327050.936419321	348931495.55590594	12497820.905238532	2512905.582912902	99776182.6837766	2289271.318593465	56771561.95123612	2956919.280468483	2824784.7373992037
P00013	GENE13	Protein 13	2470636.9775343128	1418549.2388332444	3384996.9122698326	10497331.859124012	539064.054396563	4762059.041278124	865108.1350518588	4829890.5253046565	6259911.570732039	66645419.436200425	6595760.521521281	782613.4231822925	2132817.550761655	16882836.185991727	5101591.476991496	196624949.93037942
P00014	GENE14	Protein 14	421652.8194393816	34114997.2711835	1187906.4826474509	7317595.743214774	4463384.468348814	59864588.26195511	4785200.946037592	1227629.7840927874	50838789.0780754	76071016.46356414	15998329.242023194	29113741.995746892	14532679.845208352	64242099.93147518	2531310.8803698467	5447351.038449856
P00015	GENE15	Protein 15	1871866.2678202435	16350999.324646976	3803972.385571823	3731004.717579382	1537399.6685423036	13649972.26347018	2087080.8181900855	6493893.354966407	11319545.381045837	7401772.0746461125	12141942.22465413	2797981.2477258286	6860425.432022006	75864370.23493125	2588799.383689503	18091458.19647726
P00016	GENE16	Protein 16	28785863.10296167	17527559.514060337	8855197.483987018	16305155.791068919	1244481.3359745126	26583723.934144497	24306435.800133415	6947921.875931511	10836988.20272782	55086744.29333441	15874796.814216383	2946877.713958555	410602.47887096804	1137853.4998329207	359001.1942987442	5396502.23893019
P00017	GENE17	Protein 17	1995926.5334467352	28086713.49119936	31078115.519912474	385065.7775723645	4148171.288700948	21560403.563718162	4339857.661441573	19287911.198929135	38876039.77130147	4275232.993637376	5642724.469502267	18996153.93791864	541670.6724515696	37137629.46381329	9850813.803433983	300739514.81279546
P00018	GENE18	Protein 18	1650369.9864633316	12149007.51839851	11498478.165616114	7304868.173139582	6365100.598139303	8868379.10975288	71371297.59503552	9615837.92072619	1213284.5931442939	6975410.187900463	5937060.473262917	290368615.4525943	7847132.872063353	5811389.082025026	12169045.87571623	37416253.696897835
P00019	GENE19	Protein 19	903781.3668484099	13564461.392608851	16035933.318802638	34542594.31859721	4308333.897980531	4481263.382073443	28037556.320822153	23268861.655895963	8640312.404734585	74183157.86262114	3461867.6035635625	896672586.0351161	2361269.918908699	18267118.34097603	2029915.1444848836	26069883.214089602
P00020	GENE20	Protein 20	7170888.142106729	11116425.37175224	1010698.324468834	4169641.2711917483	2503682.335436742	14403412.6926337	22343024.644119095	105537851.90254419	4721906.527643156	28611185.33101583	3216334.6518045045	12453428.435528217	24815139.560625523	23902114.927015796	54228570.747672886	13247242.433857182
P00021	GENE21	Protein 21	3111073.46899368	27083816.243005287	2011093.2866299998	6215181.307431815	857816.4930312078	133097157.79772009	2599329.4429795397	5866282.320953038	477410.4171291669	86340118.58863057	2561256.7017314136	13277719.069124442	1888999.7762626568	13708314.308864133	932455.8317037426	36705473.34898671
P00022	GENE22	Protein 22	3922833.0191947166	4173802.3903353084	11605911.614747863	21525868.475614447	8414466.239018079	119541100.27757385	44648.004455564194	8253389.388063447	2225806.656972966	3887646.562060249	12176253.434979312	6029793.076405784	13287382.711656842	2076915.0872537782	12401313.672163902	25642098.41141056
P00023	GENE23	Protein 23	1654049.2683367992	4560639.576183877	19793785.732160233	8178818.930654243	2604891.6599902036	50119317.42113165	170421.40323957635	11806213.791048301	79859477.62599786	5666091.974124241	6515269.811673872	10199896.500785038	4816809.016718159	4419162.606026401	5343863.611282952	4586705.432794765
P00024	GENE24	Protein 24	16800509.598632183	4334256.047727964	9121889.608374357	5799910.1039169505	32852971.15190689	5086900.632973676	2111659.4472576375	91869454.90652937	654140.2048084603	10548197.24822875	1130788.2267055684	2304929.539497521	2020199.1175082552	15941333.882769661	16401284.430056188	6715993.535978574
P00025	GENE25	Protein 25	69412780.17914814	13016804.683561081	335202.821400797	41778367.14721215	4861504.855171322	42474806.55055758	1810083.7936874186	3832326.9451467902	13024558.882001692	11993367.024336848	1360398.3843686602	6787007.76976345	6655432.93075781	20625610.534895215	22595682.461525746	23705736.5407435
P00026	GENE26	Protein 26	2163974.0500181876	49625551.24298135	11238040.871986432	4980785.493040703	978437.4971147984	5559649.955617767	1847018.8171804324	13798554.452170571	10861540.242752062	8828194.326900683	2132816.269503245	20353201.1672979	3193125.963520613	337684.04659695545	11093320.611567736	6077135.224663832
P00027	GENE27	Protein 27	922558.567763815	4616717.7472807085	8628301.396525577	63205313.26868243	2044157.2642853074	25572415.577341434	6894592.094470193	5414802.264657782	4482799.860679233	24034724.812274378	473762.69038721744	20822909.435481507	1590722.556761972	1619046.37986709	2127128.2630631197	31400355.95794235
P00028	GENE28	Protein 28	11215012.190369705	2559478.349099145	290588.88116003375	17530679.95891905	41630064.426201604	6966141.133120315	30900667.913079277	836044.7052288603	3884234.7474398892	49352073.73571239	3177037.3058737814	986835.1819852437	749074.4777135269	3694743.4553956776	15404524.5639679	1838023.2878821115
P00029	GENE29	Protein 29	4797001.108142801	3212055.257542013	4001421.265874806	10113057.419463227	545022.874891325	11394429.394452395	290084.4009268099	45828586.34866025	8136896.81233088	5171014.332033111	1613488.2727201574	9500520.085140646	8171817.909104717	35565012.37489459	2624861.1852891673	2499974.3242923003
P00030	GENE30	Protein 30	10560077.896024246	11463505.862010231	23997437.802475292	54007682.784932874	15942691.13429603	11432436.648057908	1783526.8417484013	11632403.059421623	19344747.64134702	15105434.648399297	5283840.000325447	35811152.80165083	4730363.244407247	19502854.138469845	81018.37138925254	5271443.986565328
P00031	GENE31	Protein 31	1445924.3455197613	26576404.17219625	5642393.062779986	197468521.89115867	15136671.320269773	109233714.67755584	8676207.910279041	1964115.0065106498	56179909.84591918	1401434.2756613418	40727167.97148017	834642.6747458725	3976161.0335165774	7923176.5267981775	7675111.673071999	52865053.29974682
P00032	GENE32	Protein 32	1045975.1076847983	18197490.11874106	672042.1941670289	15564948.02413702	1299881.402816448	53908875.67743106	853349.4745851548	73120185.61186862	1953767.4313158675	5378383.513973021	16925428.50967739	12332404.242423078	313725.4202854584	16096623.32327319	7070779.238310539	8384358.741025319
P00033	GENE33	Protein 33	37829799.7542571	235859896.10448906	27107658.31437824	34018612.36188894	14563775.692243341	32244638.590578377	1467291.671562193	137795063.17839864	1457095.2608921577	4150265.6903328053	1576004.8084632196	641391.2004751095	6560558.306327203	22721517.487808295	910628.6408066464	16804263.8260208
P00034	GENE34	Protein 34	1064975.1187030873	3569250.6818476375	7197165.611283327	1057941.7320975203	2527736.4393608244	3348735.426812581	33463950.11103172	2659543.0406467654	12955275.316804592	23942796.38617029	4886264.266944759	15149633.535443617	5308078.624911254	1683037.1116176143	19139689.813311934	4728383.772499358
P00035	GENE35	Protein 35	12805177.39657425	19684105.78974841	8455898.076298654	9608155.070910947	1811234.1803532257	3149263.240939432	18528098.78923316	4304161.346995427	8532218.1029759	35608155.944067806	1820275.5347201594	16613761.804451222	5147719.362610659	61704244.68968055	4898416.788272846	19832091.98258897
P00036	GENE36	Protein 36	9277574.007947747	6110371.328152062	15173641.771555588	15302615.965279432	10881077.431540262	7780895.506041508	32105286.903615933	6074225.671077661	13620607.170626573	43566948.7111088	5282041.761771029	4419945.139662373	2964532.9295163457	4834477.748928887	77132501.60117017	1657908.7351696151
P00037	GENE37	Protein 37	3536901.0508055524	3384699.180579341	3243959.567343721	26003985.75071431	2886885.1192203537	3513894.962463964	13881958.984284593	2561673.6285905065	1062241.0095700547	58217038.181122966	1425076.632745438	10939124.958181527	635575.4643873685	3710633.257845052	5602452.115064782	92493430.94320801
P00038	GENE38	Protein 38	133790871.3145591	17069082.976203635	1137948.3275453066	4371505.75862119	73057832.09778658	22927415.275504164	8198292.82347272	19214964.14934098	4338660.876217343	2894810.925462749	2087264.819910569	4295449.706652108	307753.8104199413	663778.3947077207	2925510.1465232773	18873904.704155378
P00039	GENE39	Protein 39	4527303.430607696	28712499.216631867	4587112.723237671	20832555.26546588	1551496.8211259528	12654230.62113795	19941604.54276701	4459867.981814525	10160564.483691126	25892631.930353772	208302.95912879845	8521381.418943647	151153.3281028113	1566738.5488426492	21408043.324402902	93668108.09496522
P00040	GENE40	Protein 40	2345113.477372159	2464434.5923583596	6201994.343160219	6394982.926819727	2491544.871103269	1506095.8926593475	50845283.03806772	128074493.5381205	2672715.549091843	25322257.13610706	492978.2192064098	2041674.9053466509	656121.1170291211	1863696.803951155	792044.1317478619	6684671.814392817
P00041	GENE41	Protein 41	61150208.74452359	9147010.488043047	2261914.100227278	18236952.731494483	704950.5926780396	2373349.4109295085	3746129.061739987	2470603.2688982273	3498570.411928362	19585284.539380264	2731346.2573997923	11174212.87950562	1278039.232417633	3761227.0767705515	1160714.8539291872	21029919.318682354
P00042	GENE42	Protein 42	2666821.3170072194	55935668.941698104	24244146.58908773	17488846.14622209	7794247.70453004	1883518.767230728	8341546.511345287	32727035.330984097	4688419.273405882	18731647.21167745	926734.6306166856	13058029.618203029	2855507.539713782	4358820.310081555	2379584.7141917013	4888723.326799142
P00043	GENE43	Protein 43	2392459.904785888	18693793.243608713	2980040.960564023	1783243.8806652839	4864229.917594134	21516367.209706794	975860.71378216	6026384.46275176	22427185.776994795	9988776.471367788	3626438.4175579166	17204918.408990275	22561445.539695416	1198287.999499454	30431225.434508026	413270.5167641627
P00044	GENE44	Protein 44	44208765.560627155	80233086.26463382	5543836.141892054	16515127.206266025	2224748.101371726	8952525.264438938	1962091.1871287012	68566692.07095253	3734295.2111774124	5363749.173945122	1410699.6947083266	5956409.542926093	32640525.60570405	19508866.081208494	15867762.008575052	7137713.035385663
P00045	GENE45	Protein 45	80338.04280730445	50466682.43956106	1083147.9370036111	1564479.1115608914	12309263.827563683	15793473.675625056	872941.753381082	9710677.408839224	647821.685894816	43979957.23471065	41182438.89318225	6939874.745839665	1967938.211408183	10811867.8499313	30314280.807558347	21455572.55555533
P00046	GENE46	Protein 46	6719102.618905327	6658992.441309456	6920165.750453465	20232756.138863802	2628672.5754073057	35019629.03163074	101906485.35088971	58316236.04410409	4062639.760763391	17302552.070569098	6152803.026593008	8223960.989318624	620208.1123901553	11533376.47723058	2556358.962615512	8616005.513925605
P00047	GENE47	Protein 47	17993767.40819027	19584852.219644457	11102885.722913709	21893354.984453484	2167043.27621845	2269240.3077403787	763230.766750561	6076222.617633141	29011707.319364667	7644732.518837974	4140286.1776093687	15442621.973051662	540597.7793390299	22108444.336436726	13455346.684916722	1404359.9083164833
P00048	GENE48	Protein 48	10853265.880109861	21062644.699187554	977915.4733020863	3697112.064546694	13341840.998080585	13923010.521598175	997788.965899579	3908728.8032454476	24071026.24757198	4003830.3039374687	715427.5312731202	10245202.080081336	24392369.744064182	79271256.36448807	13733038.224851402	5620668.928410515
P00049	GENE49	Protein 49	2294853.325466457	3337063.884871255	2985203.1795536606	75473074.32885337	13787827.145518927	9840795.51790385	2957957.2032443956	4629694.402519971	9942717.184157917	23682766.97936647	123352.71311779523	22671454.72450387	1323844.9821667837	3881831.2964486964	4162263.0697071915	14329173.165021315
P00050	GENE50	Protein 50	9087961.00880627	9660455.151023047	1991449.484648383	50951309.639494844	2248497.0353444032	144798255.13144386	19167999.98618346	126943722.25942303	16544589.679308018	7003634.766618852	27543238.13804042	17180515.87555327	913157.5150608047	34563995.05266004	515899.6442755924	26286412.21013541
P00051	GENE51	Protein 51	5507115.030737737	9403154.60607379	8996179.811103355	23321529.590814818	146069372.91338897	3728939.623777001	4808115.837021091	3651368.2262789547	1339286.4975061677	97053536.35065456	7368514.09056152	8325632.922421144	80124175.92553706	2023418.573295952	604456.656482597	7814277.273733849
P00052	GENE52	Protein 52	8435597.83869028	14647636.654638942	687305.7322620711	1528809.8374274224	4319613.054687852	5610043.7916332055	998309.3181949202	54989595.45681362	1211850.172185359	6792897.591932592	1513516.895318487	2400792.3696175166	34370235.16152647	7451663.302341208	4536376.830007883	79382117.38731909
P00053	GENE53	Protein 53	14136631.850316249	3381165.576785041	10180069.883243559	44860026.03203026	4617627.594298746	2408377.5532927644	6919949.998769774	45775179.39716908	4856629.612054501	107887236.54281603	10244894.45924537	9287733.765375912	2547198.9567465717	12046771.26693933	348886.1011324095	56816573.919003524
P00054	GENE54	Protein 54	1057779.8775814488	2317283.426127053	1054843.5888530565	2469929.358522804	58667280.4182134	8545758.789796159	11026016.921029657	7959667.298470807	9950253.249094442	4810994.987419021	3294004.8360634595	10269102.479548369	13677780.50436224	62170642.774487995	4915746.287230114	9150957.286446095
P00055	GENE55	Protein 55	8355039.637104299	4476601.084539349	6835679.342557703	39073060.62282615	5943439.515773784	2591460.556619968	1568367.5429646103	15840552.790892236	6216228.104864986	32368650.833530165	8708504.565301368	3992801.516073251	2271614.094356433	108172895.17880769	1217514.2320353575	9897292.680691281
P00056	GENE56	Protein 56	2663626.113050048	19346535.356917504	480252.87960690004	125682493.44653225	2484492.863463114	5972231.732877979	1235480.182893876	13707766.941865431	20967646.105266653	4863800.86932492	4708301.019374458	13675726.608071638	2517096.3418588066	6209037.316405434	3904227.068125819	19537371.994184513
P00057	GENE57	Protein 57	17140041.01355268	25558431.615436956	1305455.8475803458	3846059.5030779564	1528207.1107760628	666938.8715327185	10439460.042752687	32242999.217208225	16459797.564809822	65349478.60528062	2085211.6023758973	134158535.43414254	1176400.326349175	19865429.961491678	1008831.3767210683	33198194.944027215
P00058	GENE58	Protein 58	5483077.356251111	16206650.483631488	7397190.118183887	1803747.927931683	6829879.713883378	17494919.631197512	88283.42267607864	218286713.91742554	37579432.18209007	2568288.3649631096	5621261.027878965	21631633.604503192	19058042.795558132	10962666.974459494	3388056.41918437	4994840.651286407
P00059	GENE59	Protein 59	6686996.714453582	21976610.525288377	1791721.7135152982	2675402.3781334586	21116856.96038613	12170319.295533279	5156270.999770887	32221973.156369813	2915234.772514316	1121948.2409729264	12580768.141728906	4360214.120993984	651237.8581305521	9832643.630888578	20118538.12545913	10088865.359652173
P00060	GENE60	Protein 60	5459615.554638017	58154966.11152876	1824865.3065057711	2063017.515827334	801909.056833023	15191993.133904217	4493852.196158862	22244790.119155634	2533648.9319008044	666268.2984172694	184106.14816130558	2773595.2035092977	1174188.8934626698	38623687.39596229	494718.98825997446	573633.9959668493
P00061	GENE61	Protein 61	1765998.5750621748	2536851.394354146	167794.4749803354	10193092.721329305	9015562.49573532	4653681.747531371	608731.9727753152	306106909.9142312	6662307.144060928	19618403.33102596	5228998.051599541	32353900.858294457	1345032.7653299451	10492762.848899098	7723918.175028973	5353224.076903451
P00062	GENE62	Protein 62	1236529.2416363657	5677149.413601868	343097.75138798915	9549138.230397727	46333566.90674429	3789918.1262809797	1282607.3000545872	23718763.29264606	1124854.1214592685	92674242.19199625	9752463.423624666	5396124.091950945	8914328.188566884	35254858.78067709	76482833.7104768	7897837.167728413
P00063	GENE63	Protein 63	3425592.8883794523	14256940.147783268	20513934.11692531	427634.11077252025	10082400.205631683	7489884.881103969	2172928.4319660612	6082044.014160646	972845.4986286164	5595315.790424316	93956260.38823816	21536267.52466694	1258437.5885188654	59810284.11118088	3338680.8067374444	7929217.501023757
P00064	GENE64	Protein 64	12425415.06580183	12518521.228745056	11295370.863600966	6735456.717806633	9181206.888096806	50930025.81404534	11375792.320264313	23278255.24023623	13151948.158536008	23126115.038296454	6297994.642792504	4204233.948453839	11147703.207506329	14289108.339270068	1485201.9628337296	37343320.11262341
P00065	GENE65	Protein 65	30421770.554531567	479294795.5019039	5579729.49814657	11395743.990300879	660171.7289259719	99521681.49299069	5338420.381232414	1803284.013979199	3631900.880754773	2390549.336546823	81221115.04586507	29502340.583638914	2801613.5813209927	2165042.42622159	18145732.64831859	95399000.39136788
P00066	GENE66	Protein 66	1190990.6591733138	3254458.0884927805	11006490.556151725	4719695.746201541	3967819.7508958825	27753597.30749769	1139027.1841956205	24613573.564609483	2583567.935416927	50005167.07539813	1599049.2685775089	298886242.5724086	8904271.407475509	13269197.578137191	11555879.363503953	6314634.77474714
P00067	GENE67	Protein 67	60113.2991161264	2819618.524394471	1657611.8776024305	2239674.8486685515	65274.20318379275	204923.2419015432	38085623.62962277	54674399.43734105	6419373.991409545	19012360.683636073	24861549.034534905	989426.5857230836	3809340.054034361	3181109.717299542	759976.5275868739	12216636.114312015
P00068	GENE68	Protein 68	8420618.43675191	26499324.427178703	9869314.442888023	1911539.464871567	116183885.05258557	877820.1314505839	6157404.116223328	30017054.172085647	217660.81304053386	27376174.410521604	7348763.276129002	59858290.01834613	70465354.38268636	6586032.817759899	109889198.2602487	91890649.3148207
P00069	GENE69	Protein 69	4280181.102191106	4747593.017428718	21651504.20993952	38877369.36390675	19101754.182250254	12756172.279416282	65090097.40721589	3894993.6647749175	5652503.260711082	30464143.969580777	5344785.825224852	8480444.638548525	11133810.808268417	110371499.63289098	1511450.300103802	7646011.017777467
P00070	GENE70	Protein 70	2193106.818083572	1239957.4200995872	3386574.2639722633	68617731.64775306	1957536.2034507468	7655873.173863427	78714574.5110588	3060709.8949846104	18990725.650142197	1068632.6253024512	1188938.088444782	1222921.7486854382	356305.032954622	2487074.3401039797	799860.8111521638	145236365.63992572
P00071	GENE71	Protein 71	7741680.428980905	24113441.61010467	14476821.223525565	1387671.7817427863	211607.44713969808	1933112.3738859503	4055990.664385616	2301344.296473846	6743511.091726069	4421636.364523316	3359482.726787179	18635229.2772405	1469922.0400774903	20816609.531068116	5163175.6607802445	85679235.27493195
P00072	GENE72	Protein 72	1582433.5154059043	17092093.10074706	2005301.4043327898	2730179.320435044	796577.1918302249	5947799.456320758	293306.1910937054	3041569.511899839	1322889.696152683	7812768.441603662	1444171.8038128233	5518715.725961872	5374325.512904599	1859084.6242835969	4482247.043785579	9015385.010641899
P00073	GENE73	Protein 73	9842761.067009548	9831170.249074642	644512.5054628171	9691306.25390655	6178443.466884888	57057753.74923643	1544407.88008213	17101719.509214148	1926528.5259596645	41154033.860287026	3753931.1260724533	12244746.74294389	3010054.3586972784	9430125.488125509	850233.677083237	3274669.0943601755
P00074	GENE74	Protein 74	1070311.4707400084	5090722.76346654	1677269.3583424077	235659989.85823512	24953634.687346697	172941117.09140083	1483827.2164273695	18896360.512046207	802364.625933554	6611372.826463244	2187503.418088466	23285560.76449834	2610779.293017441	22217110.290189296	4234552.838393353	47451575.68695158
P00075	GENE75	Protein 75	17749541.83282158	1669758.0199928728	831007.4914910356	69346632.3872286	6544279.767172898	4001619.427760981	5764928.186141192	17299632.317030344	57568627.14342408	15696029.429059627	566356.0898272208	51819102.96489631	1533972.17336264	4038480.6608532807	1836404.6474953487	6546810.424532071
P00076	GENE76	Protein 76	3289438.758938276	2338428.7901517823	32647636.35167757	4463410.4641683325	1724225.2657324895	2927156.0636561126	537137.4730119559	2219609.832076155	2030350.2185930249	11645929.56627353	12029573.803091241	1590761.882158581	502439.58547352406	188263480.09231266	9945200.27812463	2350919.6268785484
P00077	GENE77	Protein 77	1481019.3311087668	5241370.641606672	87457710.03970622	9076341.430030026	480760.66526838247	950725.6808781585	4667143.701931738	37419544.65289667	6602923.170662264	6647074.697939587	9685505.68782206	4034066.870848609	4917131.380779379	11948441.654053131	36297007.29035009	4288942.238006298
P00078	GENE78	Protein 78	1850516.2691736713	12157208.884047808	10068488.044450749	5098898.51987286	1942912.4796874598	63934601.665971376	8098390.905892472	1687486.0290687345	491803.52735913906	6557637.506617118	3307806.0063901604	25468720.024546426	11485490.897306861	12914711.61177648	7416713.995768788	19901805.551972944
P00079	GENE79	Protein 79	4200631.945749346	20389341.0527255	2654329.5061952192	2741667.740311388	609493.3547247599	3694504.2843133328	7521960.263973805	8952655.180318436	2979223.1834261687	9647892.698312636	8665281.36973013	10410079.930257898	1723541.1233711513	74044681.36857815	5727474.457551924	18196805.582929
P00080	GENE80	Protein 80	12135633.656765012	1956047.1935680308	961997.2980459922	5156927.965472229	66625369.97826813	4650950.684036861	24681781.648667246	69871389.93336062	4728155.986853042	26646626.04696063	8416387.780768264	10975453.801652996	4181231.8472265615	59023267.115606405	518225.61719845555	6089794.027695102
P00081	GENE81	Protein 81	1118407.613797073	13408443.689843781	13035668.56598889	1515573.134029888	1012242.3871668912	10098563.01123611	14317873.872975415	393232.2631230586	10095460.427198038	19731441.82665984	6294044.371280629	8441002.990774456	4648846.195543571	19934660.25665211	1267529.6579821345	1932283.0175116698
P00082	GENE82	Protein 82	424802.1905636283	9023680.383468654	49837310.02762787	1732251.3516342603	27133039.859895695	16111374.838323161	28534198.19509386	1238298.2030595967	5388313.3051952105	8349410.067488124	2799943.1451828484	857219.0804999435	3112534.4650220308	61104919.13790975	2750250.154213003	231614.37993339574
P00083	GENE83	Protein 83	1041768.0034306856	5624702.205609892	5929485.529598822	2103740.9039884517	1876146.1931409962	11162482.92311396	11354383.995844806	3279029.8231960936	110222485.2689868	1617499.1639357503	1102807.78695524	2424992.7344092294	205531.69424696275	3318110.466390649	505155.7551176816	10141973.75306377
P00084	GENE84	Protein 84	1267420.8394718766	8196383.8973874515	12748953.526896441	3619317.8220182965	8861780.77733259	251792.8797203318	1085531.7003127546	3754426.598695562	9201424.164693706	2968301.642215512	52272683.62825067	5803914.195788473	7336383.053719846	7250327.661682664	22932885.75630443	11195509.907836923
P00085	GENE85	Protein 85	3701665.541493473	1956447.4325099955	15197381.911544839	1382701.4393571126	944294.8264389401	3938108.3582440186	298334.0617961635	4878494.590202	19765449.762469143	4303774.321203207	1189380.8303005227	48667701.83461378	2027909.8438385343	4052185.3869746965	1890610.8826948465	2983409.0019573593
P00086	GENE86	Protein 86	30272499.728193797	598374.1311409655	5497213.597495235	10405304.149060711	6169095.2779451255	2968091.0632215664	2880404.788459742	18926884.58344862	425771.5241159296	904173.7334926976	992939.5889620434	5296677.0327840755	31957770.92167509	4328119.440828844	101419.93148449238	1090076.5170463303
P00087	GENE87	Protein 87	7548716.60746701	6509057.070392504	8791317.021380868	10099497.907671398	4710475.737155918	19477023.092126764	4087407.652405274	59911051.318694755	2210622.705195517	1859545.7599045376	5499978.874199723	31226816.589291897	9137750.214819519	1083508.437122316	4326662.484095375	1700971.834586388
P00088	GENE88	Protein 88	3165174.4171129605	2672318.1634101295	30846826.89784935	6664939.297853456	9373825.17694663	319505.23100606696	684447.7668137967	4625498.2554460345	3433179.553325899	20077031.667441696	7311142.692938131	13121892.167430589	2840583.319698526	4339155.3972619325	575636.1452446007	3879043.262400787
P00089	GENE89	Protein 89	5052417.1038781665	705941.2992806897	4198408.129671588	7433652.323760515	65105165.54368993	9717395.068654355	14621988.058755092	1107660.561788908	1356202.3830449667	10066755.503813144	142322032.79687437	2328039.985984029	42772383.45321707	2767559.8629987277	143155.8470380534	403476.2365811
P00090	GENE90	Protein 90	2111113.1770496536	936374.9038075297	7425412.589956245	2612839.6502681556	8229003.544450164	4347815.834108747	664093.6642781359	17085253.20859124	17699313.80200189	27041273.37242403	1437873.9977357595	5417736.853521047	4366815.145310404	623016.2909131651	17414544.12329011	1210479.8348281286
P00091	GENE91	Protein 91	1428623.926666294	28497287.00850849	10474285.13768804	3511380.011144935	11517464.87215986	5425478.410985135	3676580.6428690758	9027987.386448082	117015794.4008612	16605399.84695495	2369960.2258332935	6659378.156460066	484068.4213057776	3125744.581490543	7481982.64239572	12684248.241937855
P00092	GENE92	Protein 92	1066468.4450171096	52464463.01249366	2093168.7251436617	503132.3995244832	5841720.152659822	386852.04712098837	418932693.2167899	22802844.875216737	11252343.101760946	2926852.293165535	158047.34096704077	4579599.931818898	7004118.036180581	3183912.3434422147	2868272.66998524	1624532.273332016
P00093	GENE93	Protein 93	19158680.089967497	4714577.700306743	3324236.0517030377	53282017.73637688	12220361.626520233	4924968.4486854905	7992707.930017483	1878726.9533199465	2887770.6046855203	6424286.374553015	27960016.43094858	6020521.77155071	14313495.628232682	4474973.832283929	16415951.960171508	3870564.92247069
P00094	GENE94	Protein 94	43305887.18805763	30015010.896699477	1926545.1243105123	11321045.982868211	3545735.871573138	34369809.44679679	24859709.09996755	92449.61811493432	12265878.379285373	2112153.8425739915	658416.7660583177	221475.8136030254	2709936.898024048	7847312.519378095	25172046.127905708	1694080.9039533476
P00095	GENE95	Protein 95	6193752.039008667	659274.8026521234	1471301.5584445542	7167134.69814556	1439778.9481052132	21654200.9044165	5347985.43349563	6067809.757739179	9502875.554053145	1841857.1233198391	3644865.609612259	2689421.136908607	39284358.03816776	9189180.514787389	750125.8192840983	2545930.228092083
P00096	GENE96	Protein 96	1516030.7932595867	48896411.896523066	2131697.7164038955	23496352.491669647	766017.39277353	1741065.7641797385	226570.65620018472	28491659.298245758	663465.3466092733	459926.48431210057	3175974.614067968	4391566.750077812	12229329.12105172	592282.1319816195	3151850.8656313075	9467736.86858255
P00097	GENE97	Protein 97	1950932.1015958092	11847071.133371001	14571845.660968818	18517391.82493092	3648384.4420282803	15689051.169399245	2792651.405499091	11243020.492641028	6789460.779945317	5344452.11036821	7910425.294206116	25697095.42999345	25058144.629833203	8238772.479949617	28989021.717663534	7168674.739855947
P00098	GENE98	Protein 98	913470.7759686615	2985094.1231342833	14106503.8229799	2108986.8692615456	1052975.9839318993	12578788.562911874	4521756.902391911	6484751.213106245	13887905.4095951	494248.23555866285	753833.2356986415	619456.4720956536	16060838.532531446	16624358.25342317	2598320.8971589105	63489875.050478235
P00099	GENE99	Protein 99	4925057.817702541	10664594.580948792	7962814.205726133	3144513.5491939355	461118.32513651176	10978265.037496783	6833762.548116014	3117119.901373883	3778535.3697386296	1369768.0954660147	7710883.029828921	3993513.870354649	8367011.575141218	1763140.5880472134	1548965.138619309	12153577.368483162
P00100	GENE100	Protein 100	7425373.553978711	15367964.31144618	6484087.894265934	453684.0736199858	3569779.743182007	11333706.63143175	1441111.3977070607	67688365.65309112	831727.2611075805	24624603.261970747	1811623.2130748644	33554333.671232626	2825341.6771230483	796150.2573172657	390757.35406420764	5283923.338859135
P00101	GENE101	Protein 101	2378346.3413567743	631845.1416275839	8735120.214493046	11478537.180115074	2930131.531027458	16951586.29090761	9153368.965928724	33888705.351682805	1318940.904703372	1360024.3673627712	441418.61725953105	7276810.680181752	18946937.988393053	1810794.9350021835	2373015.646163082	1541339.800425217
P00102	GENE102	Protein 102	22443411.425467327	107449829.62445614	9748512.460343184	2420339.211303646	3435203.525690494	5451528.500304919	5213567.128119674	1992861.0545751683	2463532.3379207295	2239330.741507271	4169873.0148076047	1037389.5456473159	1649005.2084935126	7198203.621250879	5079316.112274144	5877726.752692548
P00103	GENE103	Protein 103	3139901.9830381093	10433621.514906565	7513637.332040998	34101938.54830429	3600165.9609035933	4513389.818397723	1407546.8699157801	23762783.062555235	3900824.1833549347	6949722.161000738	3658735.128930096	15210496.46410505	13073373.541919515	16204704.548180915	48510280.89739886	12571970.626992337
P00104	GENE104	Protein 104	2358634.1493155016	32250987.504135374	9800294.435278228	781849.9471372019	2320019.0885286895	2673968.883554343	1579020.1811751118	7568751.773288823	15728451.491881007	4906628.32853797	5319859.425662252	4829851.820473473	420929.88318093016	1412999.1160531798	3190145.307077273	12716777.347694248
P00105	GENE105	Protein 105	29159138.30120959	11890491.277550522	1366889.3169024098	4236076.725862903	2162139.2312721335	519915.0016861827	8538146.106389387	3242449.140700003	3099489.3371459492	2003160.229847559	8241882.815178581	21874349.903611314	8865432.78793602	6220942.39965625	5399229.286770085	8891668.41060994
P00106	GENE106	Protein 106	1669018.882331088	730110.4895349935	14643403.094639678	4087145.0173699465	18414783.252552856	3890382.90632332	14916516.572594034	1489683.9658395476	663891.7048364311	11042418.9866168	1870480.9475037397	1352387.306932022	3583116.686942862	10356496.151042156	8176648.726225644	9639612.258967977
P00107	GENE107	Protein 107	40542099.124355026	9094411.20299755	445700.77212247637	2050859.6561272596	34219650.52211253	6454443.4701683	3265880.2339049284	441498.3935412395	5734545.592109501	8755691.385743096	201954.66015404247	10284088.667179449	5496077.679894188	3951284.526649025	16848488.045402527	51633665.5203975
P00108	GENE108	Protein 108	8398032.539044935	3602602.094806198	4897417.521375916	32832618.636949416	7654362.091371042	667480.2937975427	11133166.485742932	13918277.587932594	526777.6584089844	3979583.91349412	13000689.842329776	2420083.9571340247	8515623.629373198	12608426.794170741	5424743.630227381	894224.8822038193
P00109	GENE109	Protein 109	2810966.026412691	649732.4455889458	29567571.137301188	7933915.744172955	5222280.240223787	6437099.48109959	24658621.40017922	1719619.0438512394	2524761.006414829	1715999.5837296818	18188672.416623477	2181409.658308291	2589655.549581971	860971.270754427	1132683.3079616388	1673036.1730390368
P00110	GENE110	Protein 110	1948332.5132444596	5146760.57260469	8605685.305648161	6737853.795715778	8064405.067957564	4609937.802293667	5801452.873295593	942834.4521914534	5000556.788480541	7252093.42711029	12480025.44101834	15268128.0010908	1647057.5932831948	337278.64526181755	18787191.334021088	377398.7039705417
P00111	GENE111	Protein 111	2656665.7578644375	6459801.340067611	13616619.460970778	26917408.466017395	418738.5986340508	1410841.2283271628	1648081.9051502212	9859768.96881242	5029833.949900255	11151927.29055855	3805502.610200914	2625015.961035003	24581814.527074758	2377007.983403681	10075936.872600289	7100128.766506053
P00112	GENE112	Protein 112	2777051.4841049546	5894306.499052886	10129412.492835183	21792250.87936708	2081920.4146695398	1623536.2174589217	14201261.732291283	261224.64612415317	18594431.082757056	5486028.505007496	789297.6669354814	5375406.059525991	3512864.268309037	496037.64897787414	11826585.217252588	1244703.6998947866
P00113	GENE113	Protein 113	5351653.545627035	3607019.0918877306	6078792.937285975	13477600.814385239	2372573.931104581	3047925.311071492	8862435.95068587	11990375.381972756	6275471.956580913	2986951.4046590803	1626303.2000054433	3581099.603638791	2799274.2195531763	2493163.7285315427	746602.2236523024	920943.8461395759
P00114	GENE114	Protein 114	1419655.1442026189	7446311.629104693	14773967.756612413	1713452.0753355422	41767132.05789416	6157432.365269707	7328016.855399331	4162027.27897089	3109893.06016469	4404508.045977536	17389090.24242545	30956141.324779317	8543480.227384906	1555933.973659903	6934049.508792472	3373772.1257816446
P00115	GENE115	Protein 115	12881247.71697507	26371596.048570044	3728779.639721972	18909990.666537866	786512.067104638	8179426.43434056	8606371.892091367	2091777.7265882592	1551021.6478442901	5267872.706000089	3785892.116107593	1455229.4886685002	13508965.326984564	1332447.9069868142	772488.5675464547	373303.8961740387
P00116	GENE116	Protein 116	1380688.694453782	8006090.38903858	1285871.5352497427	91522666.16210476	2045775.446553205	950001.1682168052	6393774.841341412	6218403.124178783	42714424.65064251	1034993.4583642142	15312654.37630244	7266782.223638695	1120020.0954516933	4366988.711263345	19972262.49823898	9885837.805732733
P00117	GENE117	Protein 117	524223.65049482737	17962787.28558345	1555509.503747261	3555729.4783438602	25506301.23775756	2951220.0480086408	3060702.516115613	5447829.9352641255	7895924.745301961	22873829.095788784	5262742.2831656365	19094951.553232923	52275244.37648399	19603968.87018013	887152.7479463089	8088251.711622783
P00118	GENE118	Protein 118	17738171.39846178	2669622.4704466676	4400388.085180677	13967445.706400553	7658916.485279739	1793643.755169701	74993744.91536784	1741338.757692443	5144417.521160268	737253.1110888217	1243362.8333470975	669027.5937055672	1577529.1671033911	4413299.336181223	2713179.6473510694	72958479.14220169
P00119	GENE119	Protein 119	8233909.348054302	26350042.887039185	1642895.011784097	1535252.8413685535	800169.5653192044	491923.88213038334	1714857.2498827192	5354308.678435659	11987199.14232526	3713923.4245669656	26655533.40845505	1015456.3834595185	71455695.4454745	1065101.6655080216	3595052.409747318	9988277.382075638
P00120	GENE120	Protein 120	744943.9536607641	1152169.3495928957	6802831.934774497	5580546.781004975	9208447.773567991	6685914.896447892	7044134.502838509	812571.2837817027	30591050.272897292	2657642.4863699414	1868297.655352434	870487.8379884337	476692.2897130114	3225135.826384642	1139507.9450523544	664270.5453660174
P00121	GENE121	Protein 121	1581637.6525206228	631434.9025574633	4676349.4799118275	3596003.335966069	10932276.120526936	3117722.281311039	2107270.473111298	2129298.348677013	8278331.438817924	8931274.803870125	6830845.362780434	3690036.0055570113	7672495.173801903	95988699.7779901	20453728.39152751	1271072.1617892175
P00122	GENE122	Protein 122	13708404.858535577	977834.0132813429	3915173.062444038	2172063.004328389	5851257.457078534	3175606.0026425296	756632.9239810301	636984.5279362308	8670761.298043462	2113202.1012149705	306108.13914489123	8954251.156478286	3291310.2885855846	4064773.7155878223	1459646.7251095765	376932.8742321311
P00123	GENE123	Protein 123	453760.853830915	10668999.070269579	2832640.7137180846	817220.9738683568	126864512.13360582	2310051.260210263	8960945.271141386	3912294.759602163	8479590.460059483	1797819.0677228065	8069427.733170099	1346918.4711558004	2282507.968241897	16157235.839169215	803265.8225666186	1043127.9374348639
P00124	GENE124	Protein 124	16889259.1620852	598366.9646347079	10775256.01886393	2803008.6780675077	5968623.275820304	3550493.1388032576	796565.2121139201	15309094.122371249	9606624.68278573	186726.02968149522	680352.2396772937	176002.23380147235	3529016.9417257607	50049028.75355424	1152078.5579616032	1992887.681211382
P00125	GENE125	Protein 125	3224811.4436786356	226784.30405109358	4692307.168918141	14805716.143286575	6177281.138983938	6023708.623052607	3737859.1064807093	2273388.1653332976	965786.7696304326	701779.3970988007	9928165.772443691	1957036.1553846758	12322250.335168224	216303.6462534284	15804743.409465848	1594371.669376396
P00126	GENE126	Protein 126	242389.68098011342	452063.04581680155	8282760.34819438	2334703.981435839	1417631.3148908566	138403.75459418667	9037241.290988982	2083355.7416283053	3883135.2369709965	2996547.4881378748	30772535.70938831	5046280.257070938	3579283.9441095507	2308707.026090514	2206342.5630663717	1808641.6723632694
P00127	GENE127	Protein 127	73537686.09706923	2578685.832267645	1071706.5957787128	887996.1111822654	17130770.97885577	1254258.3910571819	1638358.8480727272	1724643.8443514002	1603086.908507812	666702.1052183629	1884486.5222973907	2398928.7002689447	8160559.002296878	4122043.5310472483	2417063.7301398856	7536094.307798786
P00128	GENE128	Protein 128	1559737.0279906066	2557827.467101395	7752627.140199928	6085314.850751128	26808691.58471215	2544260.6840457483	7441890.742062019	86654484.90900989	28268450.55927923	1079325.1873387727	1645450.110974036	5111724.781207877	1245754.9655241617	1065886.5465518914	3415326.265891221	224405.051851969
P00129	GENE129	Protein 129	5038089.841034	53460765.21128921	43743334.27241185	60269958.269489855	2324254.8938044556	830467.1503959704	3681070.4324122653	62891390.11606553	12059083.091299882	2992087.863424032	3938768.597024654	6735133.158366956	2616955.3695897716	629874.9582468674	58535727.542886354	32559710.72598811
P00130	GENE130	Protein 130	10159613.884139352	5524843.107469008	2541256.491021228	2997323.3581392304	4396362.887239231	2877379.6744600907	959222.7943905286	66949103.61518253	489270.21608047764	3925285.6846616636	1615602.730285304	2766071.4166000527	33687359.932066	28899720.478145733	7141025.068065489	73176093.58778319
P00131	GENE131	Protein 131	1509135.7173239724	3878244.0945023065	3480808.6661047237	2296553.45534296	3340836.8524868204	5092398.855014429	4214228.919925573	8938719.907784512	54895958.874782756	2222403.492973865	4740502.887531562	18457190.83029936	1243759.660937244	21694635.587452874	6504819.950411342	21752507.886734445
P00132	GENE132	Protein 132	3758276.934344762	497839.3964938196	11630775.370505782	822867.9102636805	1169630.2608234086	7250872.705083368	3808180.9118510955	2203066.7731268355	11495125.687368024	2169157.355783005	3858013.9100482897	4741504.62372947	1155885.1799212536	587459.9382680256	1989589.6589567356	13757680.923543138
P00133	GENE133	Protein 133	10777069.080603153	350326.9945957841	28840441.018226374	5122064.086116032	1125244.9824151623	58257153.55805453	10589159.080201574	317343.22752225376	4527532.919376807	3129446.614803052	3113406.0783755803	1082103.9582048408	2111386.7779709427	15136807.769225873	1319475.840163904	1724630.9232355263
P00134	GENE134	Protein 134	667158.5613686009	4089767.8727460057	69593281.58155358	8614904.731584735	458603.2738114207	7554461.927902568	2304171.7317573866	1226592.2739868276	9655185.9987297	2706575.905807946	9479206.140170416	10625738.313701492	1047882.5014266414	9848176.917266898	22347986.81915577	1586567.9681898265
P00135	GENE135	Protein 135	3304200.6843242366	3528276.72259477	13225845.134549735	776948.7327925152	3061326.8447660115	52360991.958557844	2347754.1072880356	3616910.34521191	19830530.140499737	63763850.1114547	2140616.6435815296	212505.5680699621	10102247.3824697	14954576.795877071	10947428.5959298	4342555.337335613
P00136	GENE136	Protein 136	898780.5872444719	18330895.144373912	620665.3430503417	2967444.3883443116	22235640.768839985	3380066.3499135803	23712730.54804878	7059405.278590447	1612063.6535418683	1245681.9976837027	1529137.2395423763	1242089.3332317774	7047193.843794577	1291079.6921290962	1977767.7532982067	45603388.947464794
P00137	GENE137	Protein 137	2693423.0096082846	23031375.365419414	7109057.195671458	22591262.362922233	2596453.015818701	44869587.41258658	802564.7781578479	1292497.0414395526	3388311.5526981666	1061748.0222717845	567242.971862984	5194017.475817805	5190695.499546143	3231281.017172229	6170009.643248169	12805806.13312485
P00138	GENE138	Protein 138	2234558.779742528	1585706.993195238	843714.586391181	51951732.5755671	152275.41273435781	32117782.800770357	2576671.97962307	4725764.393927486	283320.6083008325	1949152.6526772776	10603197.7644241	6527618.954924731	13170736.220916826	6318112.51092103	10218021.017803583	7681677.668147887
P00139	GENE139	Protein 139	5857176.486205952	7743765.52889474	4221928.693305409	1645389.804085079	12077924.212150328	5263058.722206213	20216038.240052618	2065197.7626710597	1642632.7759555352	15205524.643338287	2559074.829491606	954036.9796111375	27909091.173098404	4877375.430627449	600881.1995065755	11772726.389409965
P00140	GENE140	Protein 140	21293244.940722052	10872841.599556632	8693155.350938244	1043408.4066386555	21857737.229046945	39281796.66190289	14383691.302877355	3886321.18790928	554299.9159890583	5666335.033724981	5699554.6339074215	4471376.507794602	5975040.483553466	7829347.610825272	1977890.3860527403	39076362.2630125
P00141	GENE141	Protein 141	899086.041459407	2066473.1065960976	11175456.02394585	3358073.756354617	12464474.418119218	2414702.895192134	25426085.42772698	3498805.5476308465	29852474.921612654	1617868.717315084	52492944.95846848	4754745.322986567	2741839.910606789	1226071.5829696571	635457.791053388	887470.2053925081
P00142	GENE142	Protein 142	2292431.5053339694	11459854.730167814	17728704.160760555	7419582.871520184	5194283.428772776	16278680.087894676	8944772.460253768	1199421.8444244098	4015509.2956864187	894619.4758253497	75305702.95953517	361818.44183890184	7545502.577700996	9883207.410130914	16773689.570278972	1202772.6598864181
P00143	GENE143	Protein 143	7011312.632340707	37232838.265444756	1451498.3843755303	6602678.958075226	2634238.4286994045	7480305.919970744	4245828.879201395	7493904.4451400535	1692674.789481542	631378.5970682825	614510.1856858474	10603816.944144422	12742040.796164656	1576368.6667462082	60092978.732213095	1452310.5364113795
P00144	GENE144	Protein 144	34377432.48635015	993979.3129485669	1668916.4517190745	1771230.5604753052	5856565.160637267	10376716.775307668	38947704.82005269	1031071.6039405545	12629308.410148816	1031946.2994735126	3985736.297147656	6120037.391884038	9028791.781268502	3042609.4160988415	513974.52102324535	16043923.30616276
P00145	GENE145	Protein 145	56657084.87620613	15174926.93476317	760953.4722003953	10171953.277568916	362579.7912244691	3963332.73296936	5644708.47268368	13778280.180825215	1452137.611219725	2533235.273595456	3237628.682156532	15117111.731397001	6486356.652306014	9569280.630538354	14459592.401335027	4666769.01961256
P00146	GENE146	Protein 146	1505117.7957760487	8536702.783353275	2192727.3272077036	141125.2146071163	281310.58485662675	41383517.34977917	1780137.6593220017	976999.78333046	5565579.306434334	752297.7711862695	47267108.79553645	16953619.383365773	21122972.631388176	5346906.014175984	26736071.832936525	945163.8093356022
P00147	GENE147	Protein 147	6420617.871866945	3709893.5125778527	33900037.212667026	2705178.649672114	6682043.897334827	1400836.2569632153	1764776.6440598012	16989733.284893226	35311396.62666933	16366960.354478855	12328921.417051962	17608169.49799913	731431.9079792572	7807656.37068675	64316283.8661622	6270272.90403783
P00148	GENE148	Protein 148	5739647.981567498	1030121.5679646794	264603.54391842877	11078773.600942368	6524218.485364297	3849483.096748076	3398460.86382777	1761101.847987473	140248.91679804266	14052237.515736612	2412155.4776875516	2075185.5224622523	632132.4766211575	157537.20504769107	16014364.002528997	9631415.856805943
P00149	GENE149	Protein 149	57830443.01381111	4883116.594081953	28207914.205548387	1275570.867335661	2027767.192927987	330484.7593027315	19766922.84166675	4466822.087668612	1915496.7543827416	11920832.333901444	1256445.742159256	4711644.228428585	3136075.2166623613	2234574.0211345847	7229194.741779528	10030868.072891941
P00150	GENE150	Protein 150	3158236.9764682003	35995304.87708883	12379611.146893486	27053786.12947358	1593987.0953353432	4845912.085607719	58861704.70562827	3144346.8836920904	6330338.299369232	292324.3016808553	7655302.0965040885	2322687.4863928254	11874849.344490353	4764288.396932696	50388253.60839115	3308264.0636338443
P00151	GENE151	Protein 151	17378000.071650118	1288683.958297459	3792277.2814969053	8786404.945753116	879510.2670486278	21152470.351068452	7634832.141775171	6293694.248547122	13498421.721628793	1925498.477105364	536536.2184633618	5467881.976832253	1959893.4738796283	1281556.1284201604	1157805.2127138874	1879679.1222796754
P00152	GENE152	Protein 152	1916713.8138916267	10995713.224550935	5842669.169217012	2544079.582581271	3839504.704884836	4238208.908926162	76074312.59726971	4913936.39164056	1979595.064748029	4343830.0879847575	25379990.928596232	1895648.8622188154	833809.0364879427	1723580.9718141775	12827759.98042135	1619444.9976515756
P00153	GENE153	Protein 153	9458380.453426877	136695053.4494509	1191135.694803229	1517377.6692893025	1414838.1025749184	1756745.8199973847	2228413.1503267386	1833057.0059500667	1056137.6753551601	150931.8663708498	15659949.093920752	3110624.978298594	7051998.641794086	3556473.8853789177	390624.6306712386	8934043.80426417
P00154	GENE154	Protein 154	3012042.17984987	388224.33822550636	1835433.829081378	5002510.231596711	9377127.217500694	269922.3715950173	595754.2402664429	6842131.683962963	19283736.590877146	1020573.9532857898	9886726.874578193	1890597.9197849038	26239931.98989315	2284601.542257345	2151754.316135025	1623884.153339607
P00155	GENE155	Protein 155	11303098.00236004	9476453.782637915	4085106.2879303996	12159880.883547269	19367439.272507977	4421234.6050959695	1023900.464476495	21304947.386977926	4394075.0410387935	1380860.4998839407	8299075.918195415	31995325.77195954	14571427.690262519	2844685.9395992416	3276364.1366870734	7183857.945547358
P00156	GENE156	Protein 156	9324755.183990102	1627278.748210407	1566397.0509821554	6397734.431904648	908911.293269629	6482839.476799858	974204.3407949073	24362682.811599128	752865.9043950668	17728885.857378613	3500356.45561187	890058.7732980106	1705436.6296952397	2895637.266868128	15869015.915476779	2237853.3183185225
P00157	GENE157	Protein 157	6990451.91754324	768235.0848561866	526020.2523353066	3856084.162466883	315393.7380721603	1435560.2404985167	8474837.80275578	2941012.692983704	5570873.077401216	290549.95710039785	21984434.41203546	10601000.70833405	1663020.5477620112	1591765.4669295966	14687661.480397971	7280457.676579184
P00158	GENE158	Protein 158	500269.0730572099	33572257.92230472	2181354.0896683913	1828148.7962560768	22076480.859916795	1420593.959335703	12198028.578814227	2374480.6410791627	1303534.63417387	2201029.7294021863	6476561.272514574	3849611.766266888	3253787.007742802	2688362.073805982	6266193.874967107	6065809.565854572
P00159	GENE159	Protein 159	2785356.48825424	3928340.607722724	158458639.4111272	8750315.77440507	1357231.3236977	10643331.4548886	3136437.2887423746	33142932.286213763	665386.9046218337	444882.7986033211	4603328.043344184	21469138.008282594	4959607.149525264	2410805.4589568675	99188.1555793348	7633358.975056907
P00160	GENE160	Protein 160	3946736.9496789416	5395855.198044418	27848464.104447134	9359480.82582603	9554551.09869789	1429028.581335619	1358350.0752101066	275920167.44353825	1548511.243504176	209462.86429286466	138612.3524583574	2584039.0155309667	2412995.9764631595	3153156.6407667096	2757554.154719934	594710.2050939031
P00161	GENE161	Protein 161	22860019.170774434	38680335.61425482	1094414.098679813	982741.1715096165	15714677.484052906	3296575.9372867257	34133161.429399006	2030645.4179186646	14055547.484671053	1946182.5512299528	67020441.29534258	9159401.122051151	1292286.4462879538	3235960.368996708	2489904.938271515	3422563.328687173
P00162	GENE162	Protein 162	1249038.5516758019	4243031.842026282	13367046.119531333	9160735.067622397	812305.9544497406	3111540.148812751	5106447.2837986555	19598324.147359397	13424216.891692542	2323655.7862218576	5673051.397478724	2159653.368882344	112033.16786294662	599328.7996206122	5623252.668831707	11050299.40943479
P00163	GENE163	Protein 163	14170274.4128799	2731715.602349363	5888868.293018613	1185803.4585975306	1102466.673194088	18801041.367551483	1489571.9419255068	1984821.7719185047	1726374.244184329	1669171.8178921416	1226922.5234244536	71879330.3597468	978818.5482718835	1054380.7534529802	8096333.675949751	50322390.18179794
P00164	GENE164	Protein 164	50185256.59695312	4723813.653898132	608737.3940631317	12160102.201924348	8190865.558097311	2782954.309868689	135346826.9916498	295715.71158603515	782560.912009554	1475793.2637026652	626790.4371726417	3439032.4832954933	2716858.914917957	3627849.9299115436	87972363.90073167	3472190.3904958777
P00165	GENE165	Protein 165	1939994.392796174	649454.012146262	1589402.8810169736	2414528.7393588806	6939547.169551448	2088216.8018456828	1912871.2724728496	1020595.4179788476	1888348.445507962	7956817.510946923	23068493.70059757	6666098.6834044205	3999204.3401956707	51122787.5544299	2050487.6877825428	904629.7359708414
P00166	GENE166	Protein 166	4959227.872280495	1359711.4489716333	6388012.458791738	1211027.3036617197	323057.2862321611	996414.8023550055	9176603.484367559	1229259.467102602	4482620.453012591	1055955.900359692	1508835.5247513638	3219248.485466714	10096523.1793431	2274218.725968856	3042177.476216247	5390669.39286652
P00167	GENE167	Protein 167	1611768.9091323114	46711143.86843675	207241.42458180504	11851609.645534052	518959.6195358553	2937141.7097225725	649964.9032631678	1602374.4249074983	870280.8165303922	1607397.1569739494	4716371.765352871	35298127.29817976	4185899.4416218344	1513109.6976524333	166200.70250102383	49958257.5908764
P00168	GENE168	Protein 168	4497382.303577311	3080911.215531969	189948.47738625947	3657783.4913587524	2446803.812453399	9009909.309453843	15770654.240813512	9584874.64461853	7841200.429391725	2100882.9150004033	6978794.432338006	2766506.08224151	27714804.33655894	5607280.171376881	21632202.557180658	4524411.78074845
P00169	GENE169	Protein 169	1324436.749229773	3299482.0408487422	1181694.2647355122	9098823.08418857	509749.5177750825	3982064.21593813	1506608.364401901	2466083.972400692	11820485.160339084	8692682.436802426	2515409.7339250045	13731167.409065679	13525423.047409771	2887546.2384947725	2875643.542984013	6016954.781604553
P00170	GENE170	Protein 170	3366974.159393423	774983.3602469027	5523707.186443025	3781178.2590078255	6805525.17611962	1983339.1436420367	360638.61162547185	7688719.024180905	122154383.38326849	259808.65773875933	2540237.464932796	50407835.21832914	69350729.3225909	8037891.710520539	3152018.3017983777	9713617.072542416
P00171	GENE171	Protein 171	7116214.768287336	11732506.315306218	17837022.790470425	3374237.86521327	442991.4549060908	3033899.957147463	3826549.2198686395	18526810.1171114	2684626.8010062077	44616020.695868105	2022435.0829797727	28384009.363441825	4036132.590880257	712594.15241874	2782053.9108538404	320821.9676599437
P00172	GENE172	Protein 172	5776863.197839474	933963.1847432256	3690837.745231774	59325689.35923268	4171315.018096655	17049944.349269643	750803.8101530804	3220697.1719442373	2091187.2011727632	2410957.5288338824	18494454.76550518	915033.1654632344	4902074.305131891	1649670.1914314798	374696482.9478586	1751571.5686030241
P00173	GENE173	Protein 173	16259604.915568402	1839544.0006675373	1185050.5052551695	5884103.122882879	18889407.88792314	206185.53029893964	2289213.7411175985	51252394.225703925	8401302.89303147	10730751.270902937	1803900.7430275746	530249.9470978297	8389202.237556476	2607953.4658788987	1019813.4403224493	178909.36804791866
P00174	GENE174	Protein 174	523928.61836495297	1898588.3005048556	4744519.491556063	9173143.3923808	54464524.75186622	2672863.1028474867	1969133.5314516278	6423588.1838963	15234484.942212416	39503882.01949037	1193162.2424907447	7268387.152970625	9302436.54717756	49735880.55358115	7471359.301976362	9620225.304621032
P00175	GENE175	Protein 175	7547534.964916277	222948.26152925778	4974787.407989941	1851043.8797370163	10217200.322131196	2421861.7563142204	3194636.6702440702	17482196.410241384	4563077.472780439	2031030.9677385793	25371326.918054584	2282254.5570797883	1036994.5102020017	7105354.252319223	23159711.25955184	5318132.739523452
P00176	GENE176	Protein 176	78014.55016597717	27827774.88407444	718421.0276174803	2331492.0641785664	4767615.418315635	5795294.257556152	1147252.5550931855	23147309.585390136	15999650.168122431	321881.3745271178	3080403.316323861	2395996.304453417	6320556.805152987	250672.19519844005	601601.4438890183	1554562.2706418666
P00177	GENE177	Protein 177	5705316.664712267	3402790.0925853048	8661449.357772585	13675889.179233048	8932894.976830505	13857698.010991132	3158003.2916700807	1698294.9118867354	4401394.813863145	3403143.7626155284	5364254.289144557	1607416.0508045745	40770190.11027729	1645654.036798142	8089911.245898742	2394037.1949513354
P00178	GENE178	Protein 178	2671658.936429776	3333311.49800957	2495330.670579084	392050.6073125262	15226992.853424115	48591083.63577276	1118521.8876994771	2489710.156974573	15581642.827471597	23615145.745229624	12683103.737805218	21824876.318265866	9546737.249252304	19405593.090642333	5907888.0675783185	1535919.2446705138
P00179	GENE179	Protein 179	54485331.06015268	8149312.966742665	1945005.5526789527	3763338.578089866	3607426.6684172167	3812712.378572448	1420463.2123668122	12936807.371729856	9735920.422884805	18072419.027251244	5486828.714353022	5115355.780162104	121415.1157639015	6912536.410204874	1826459.0955579977	472204.770430954
P00180	GENE180	Protein 180	2624153.9115098678	5653765.696478017	1145769.226944408	206193.5216905565	2260843.194092363	4139786.1775395777	111606.26999136686	8462633.448733104	6655414.6099597	624332.3782065244	9783146.653120454	51204069.09504768	31391989.45873139	3350444.5930659063	2687294.143732247	5229704.945581944
P00181	GENE181	Protein 181	40892572.83693679	11657707.947751911	3393181.79775358	7041250.860156709	992837.3651824174	10212725.575315807	16424193.639228059	5790710.021037571	4275815.291139674	238937.43360321765	2727629.4030223833	4636033.738392615	4939347.685075644	3373281.189054392	3411540.138945626	670028.107884867
P00182	GENE182	Protein 182	812425.3255727555	2063726.752045665	1268990.4719177627	867257.5173296952	10034600.674797539	9730418.064992921	52002111.82302928	19130234.13870849	3597144.503348592	5771143.273437465	2029141.3874857116	13382696.267572582	1390904.7033724939	35368954.86035534	11829544.305086633	631384.179522887
P00183	GENE183	Protein 183	3000294.01773448	40131684.532744505	39423384.072987355	1390423.4270273673	1222644.6484959854	745131.2632262803	7979891.169009279	2330174.8305432103	8302174.8559915805	3561599.129484899	21651507.015629582	10942353.396574529	612432.630035787	43234105.92138398	3262998.824868279	4981362.617586364
P00184	GENE184	Protein 184	2311584.453077088	5142257.424678345	1010263.1349520368	3488647.910451624	398079.9118975452	966609.8523965193	1020464.4237782902	9366937.957926836	27593446.45339128	649679.3755479197	302795.59908942133	33956481.53432139	12188510.229353683	2373654.491370084	2757127.2643934563	6691709.816233684
P00185	GENE185	Protein 185	10116845.993775567	14414654.591648884	2166003.4806546257	10186227.576548032	307803.78880763345	740806.4241302133	1942800.6810195684	72217935.16281539	1353222.051546669	38267497.8489543	37709585.80865399	980982.2260573966	12049320.431596484	7260644.8039584765	799054.6561006791	6238807.979705866
P00186	GENE186	Protein 186	13699735.57282855	2463292.5590251503	2754122.093368541	30533583.493512392	7738118.371818679	1485769.0055924875	4435575.98626524	8870208.847140873	3101442.7463100827	6349033.203073357	14297583.266471827	370619.921298478	8759945.109156597	95955918.17537251	10118138.326488936	20590116.543633584
P00187	GENE187	Protein 187	745201.8716240695	4355779.165478159	12373614.371879328	683196.2157739208	20934304.871403053	3179387.8505566036	978686.6098804256	174569236.43031862	37133954.047604725	1843200.6487263872	11382237.053698832	672303.578529856	4363517.295753205	2578735.5964918802	4800522.186100835	1659062.4610473858
P00188	GENE188	Protein 188	11422899.962028349	1118109.1378279438	9966104.857360402	1006817.7669970378	6373863.101490123	1033898.3139334961	6679743.362468073	2883694.879440458	19872299.35896905	2559886.257045853	17695105.364283722	4946599.809285356	34827776.7295456	1533833.9003527903	5870156.033108471	2867219.2339137294
P00189	GENE189	Protein 189	2660660.5833067773	302162.3214546236	9927761.759407386	1382351.5652575195	1711250.1060573463	6774523.943609556	6802510.681236345	31657486.181609813	8204188.521013069	898853.1056978699	4453447.90071854	254881.3402972361	15669321.095616546	2422714.1751108817	1059805.3203228356	8263169.547315595
P00190	GENE190	Protein 190	4728862.454158037	2528002.570156436	18018950.197219145	18702661.01698737	6266189.946568946	28931075.164950106	1346773.1181585726	9852281.870243423	4390126.249396446	63327777.55753226	1637353.6100097953	47056395.86150849	34323110.66935104	4346423.372234026	9826950.551219102	31181348.916214522
P00191	GENE191	Protein 191	919886.2265151925	23434937.575239595	6612657.620002861	12271579.312443774	3369119.3051623194	507456.2213090649	302712.3134021416	9657643.217065461	2541146.367587729	2270574.75183917	5445614.817096684	367985.4221289757	1941691.933487834	1115645.091641632	4978856.753287892	982442.6474900005
P00192	GENE192	Protein 192	5904803.657616238	74890262.30643103	37125026.432519056	5191922.991241446	1416084.3573537087	802288.9527935482	2293815.3499560673	2464169.1055652397	3151864.7314904598	2867922.034998648	5609604.5647684615	23725026.514718026	2025570.3870842226	54810039.929128215	15454962.53122008	1593057.357240495
P00193	GENE193	Protein 193	28365118.56467562	864228.4392277276	58969626.936710924	5491508.4629974365	3559221.445938363	17185015.621464282	18663119.67949635	3440656.343516882	1556156.449125075	7260051.558386814	1462463.3197556972	1090735.4771795878	655216.4271460032	5385687.177267601	4141470.0533831804	1349614.7371638222
P00194	GENE194	Protein 194	39800380.43046152	89233140.7557429	13969407.185383663	1834688.191056636	605047.8079414676	59903295.22473172	4707508.027784389	5555437.426853591	1193816.2366500446	1190236.0238147676	2021529.2104513557	6406778.68931901	19742582.760367014	1966959.286899309	642462.8578437037	140537.95830817195
P00195	GENE195	Protein 195	3270637.484222764	1321480.4594942695	2317010.711900574	15155087.178418774	2172071.012315682	1419945.8608789183	11748301.419880236	1196327.273537259	21136752.96164415	1847529.9729873196	3698027.5827136477	146983015.539733	2591576.571212626	12052753.790594282	2924211.6586652924	778501.5781997937
P00196	GENE196	Protein 196	1286575.782025213	4274342.430461043	1425751.0333907788	7273800.109557626	1371990.1152042958	701730.3076909402	12954521.096222604	13931366.34427126	1979729.6654552133	17404042.402277697	942615.6542639725	7087581.268115614	1088883.1612439817	541453.8247046116	2440921.2802879116	1716487.723436803
P00197	GENE197	Protein 197	703136.8033345694	5044497.972454898	1890422.0596094339	33992496.36022923	3801229.5192750054	3769363.8841763856	22719942.48538344	879727.3420778492	11609559.725207169	6404003.800281003	2435407.2964236513	8580300.317721073	737910.0754401291	549291.188978467	1158588.2705717273	6449008.314989155
P00198	GENE198	Protein 198	1353365.6367433907	2152107.6867968407	44844209.744129725	1470774.6314369047	2572300.86851118	4941653.330419667	814055.951600179	1112689.5243723106	13656680.793016074	1443335.7105448977	581662.818774457	11544974.863549687	10672736.597525183	9564074.257244585	3979883.877099859	1313735.4114578434
P00199	GENE199	Protein 199	11772502.591883676	12394855.877002591	848798.8570310548	1427967.9705634168	28594244.39412979	3624844.3492343104	2549699.207469067	19797698.35087262	2882590.94950343	49356572.803622045	351841.9105672636	7645133.741120509	1243908.4979705522	12236695.155030232	3885630.9245134913	34066246.200850174
P00200	GENE200	Protein 200	11331061.75196107	8903241.688446997	6288116.978305521	23489583.17352764	22706584.0737748	2717054.88561153	1386429.5499802264	4603714.641799668	12871510.63662196	53266603.23882075	3997377.366446746	1011129.713697953	26473615.52850021	648849.290293598	13637864.614158554	8020997.384480243
