ProteinID	GeneSymbol	Description	Before_P1	Before_P2	Before_P3	Before_P4	Before_P5	Before_P6	After_P1	After_P2	After_P3	After_P4	After_P5	After_P6
P00001	GENE1	Protein 1	7894173.733251065	2509015.6619795784	2643551.1550081302	2951126.3757221303	12442302.95832051	1955811.74258031	23601559.902416974	6286959.114673538	4852664.799183817	6084763.938433708	7853021.516725015	21479449.438325014
P00002	GENE2	Protein 2	1678260.6027441898	1948722.4516181739	9204679.959374292	5240606.696643403	12040426.668469667	33290873.74578585	27117278.788323324	13200143.765348477	4873821.489193455	32478232.739488207	40788586.22917992	793197.4747862275
P00003	GENE3	Protein 3	9518263.683438273	11572958.896847697	22208295.496350963	826696.6327866192	5305397.076159887	18758414.600923236	2706142.680990341	5275753.95205593	30262801.159544528	159708392.51021042	11645858.013887279	10571762.008720836
P00004	GENE4	Protein 4	28431870.557687636	7634845.925262367	5454674.823454379	7726320.96409039	5063605.735162542	29721973.170147877	174302153.81679922	1495106.6879998078	21849359.2262038	58209928.30679631	2383199.3099952387	172157682.0350355
P00005	GENE5	Protein 5	8264418.868406365	994580.5724223014	1369706.368522903	3077291.0290958895	13260284.434847748	10500101.319938984	11745727.468444405	5040019.502781726	26674252.403703175	144708122.10249388	1211756.332304044	51898892.39190548
P00006	GENE6	Protein 6	1741131.298727277	2391288.255067405	1482081.2312871777	2412703.031570463	1141527.9729966884	33734025.35017766	5561435.786824107	42413117.14026018	3894159.0644404413	80952415.09848689	3320531.012635531	6421510.101974301
P00007	GENE7	Protein 7	4197384.010738959	2669542.305874112	1733790.3418685878	26603557.73896622	14170301.975484822	3117627.6753592365	30001443.75696234	3954244.927471726	10420655.684628017	8865221.814439524	3823305.9642632063	38213138.29759882
P00008	GENE8	Protein 8	6043711.532726609	51640628.530334555	413617.8385853341	4546598.885015168	477761.86284440715	5738292.503241823	19435909.862969544	10266830.615890834	25750065.00105255	84112952.78640659	851162.6520230103	26641064.26053742
P00009	GENE9	Protein 9	25686442.00147264	2439583.772500404	359203.49980867945	3882699.4532620464	6568260.426349102	31396134.315702718	9136264.27980437	100486472.18099311	1101211.1989268526	3725287.8212269032	5128531.277843502	12548532.487514332
P00010	GENE10	Protein 10	1569662.299122045	711618.1545473285	285072.63768097543	178937545.77134284	3850016.7965078475	14818195.41841788	9773142.66450427	18267969.10907345	41253020.86172668	5841364.322089966	19233148.155560568	21586041.2679165
P00011	GENE11	Protein 11	7391598.888760392	628310.1254631289	4415030.183037939	64257359.55988972	1601088.0183280949	51352033.77762674	7599482.418932993	4459386.278447519	73027042.60706894	6075191.626016911	35329316.84724106	1845100.7539312893
P00012	GENE12	Protein 12	4248145.040563925	130064.01088427876	7199147.45179039	6950842.098020842	4778090.208292294	15816535.989706604	33145599.49811883	11074414.693143541	5006786.242510792	1643075.7971461709	38260095.315298915	47652223.55399256
P00013	GENE13	Protein 13	3438017.2019615173	191837.5958534759	387479.9117990139	3608863.027714074	1149548.974530002	19306303.41340665	8952611.687467186	5774694.952129329	136945947.61950082	4370258.002386903	43989219.64830022	3192241.0387633382
P00014	GENE14	Protein 14	4629675.810643341	4759957.988301696	687760.6858914056	27346492.139032114	22290771.829900894	3783305.1405420876	17647201.66156797	2634355.847240225	579358.0454342503	114224742.3966652	15622540.893141327	15527163.668305693
P00015	GENE15	Protein 15	49805979.871044815	117592.8299338975	318518.60387632455	28620218.146224238	5088283.592101559	15557044.585038258	17943060.08830603	9462757.63187428	5833103.465400633	77779442.60762228	13819008.722071726	18382725.313921995
P00016	GENE16	Protein 16	731984.3592940263	2422044.4908190537	1600206.5623267603	12615363.845645996	106241277.13931984	28264766.108886417	7197482.0470913015	71703115.52079016	1402909.8873998118	18346113.91352912	2368510.510493716	13322916.53581166
P00017	GENE17	Protein 17	505074.818144139	3897107.7649301845	421564.09142177826	3479094.8604993615	1311236.7603887063	1279584.7770893986	46772204.083907954	15351931.925904926	11651411.197750775	621372502.882218	836704.5989511904	108869132.50729561
P00018	GENE18	Protein 18	782590.0459875622	2647364.1104558944	2533264.7004552283	9606103.269855835	3269559.819441436	9310817.13170952	93355612.72852246	5845400.516414107	1204514.661690909	147493528.63520622	30625469.10398235	29069196.900068354
P00019	GENE19	Protein 19	5428753.434710008	2044142.2757021596	13682346.167261064	51529618.41854722	767945.6340024741	14933007.742008539	25060663.32186408	171837607.49283758	1871058.4471310514	28333019.48947419	332488.4790390234	79570318.01462913
P00020	GENE20	Protein 20	28766743.31968779	800582.1264791681	8720599.931928428	1929640.4317554715	3501871.798438627	44733873.87716763	56031342.18033342	7113315.677331508	10419817.05072348	127304967.56548847	5413364.834794354	23593206.775795236
P00021	GENE21	Protein 21	4429563.865287152	2768094.1841901774	13066243.530585296	10501490.18710133	499562.39857688465	4856697.451117503	199830692.133435	6898708.807347013	1838158.7873941222	7093973.070151069	3285193.087127654	2036408.3875616041
P00022	GENE22	Protein 22	1478988.311842809	122024.30240669393	1111989.316545336	10005962.649358362	4949217.255082756	294506144.10302466	79461509.531006	96513810.14836429	7915644.275945364	18215009.58124822	20363325.696030397	13030013.032561038
P00023	GENE23	Protein 23	45629778.37935328	17475286.393394027	890219.7060884135	806135.0101910727	321760.6830877894	2636107.0099339047	3654817.9975581723	17050450.15918809	15089543.719180103	13689006.933297018	9069044.99683095	24656084.235267095
P00024	GENE24	Protein 24	3626303.256517366	1114046.6758610988	127382.07497061015	25904252.587522708	103143.55691528715	5689705.05017008	26181674.026014987	71309522.03214055	8946277.13040639	8774558.036205878	22695101.50784671	112130921.76725203
P00025	GENE25	Protein 25	426208.13330802054	1202672.0784885276	780664.2846882517	6178848.156222382	5264953.104748113	53515963.5939669	51306697.56035094	4572407.992223378	56688383.54915397	18768688.689845327	7753390.893500662	8329084.866611806
P00026	GENE26	Protein 26	5331077.745385112	2042425.0798667823	6881993.690084477	1446313.4826602577	292370.41901659465	7302779.805387435	1167934.5305784359	1534226.101299807	2906801.7135717836	1765791.8157790937	4431153.603206981	9744514.160558246
P00027	GENE27	Protein 27	9992766.444206731	16726970.323968498	3708783.403964352	5649454.866853265	3923216.3908347692	7350138.150537552	2704564.791258136	2698502.8473729636	1923880.4621082763	65520560.20019283	32937883.336740177	33219363.797086027
P00028	GENE28	Protein 28	5959898.922205675	1700477.258680016	3171786.7253731354	19054216.982363775	77225398.91748999	1376038.8309880556	4999521.2612820435	1969091.693802094	12647847.469686907	20485177.22478919	7484025.2877868	13483521.482321026
P00029	GENE29	Protein 29	1958991.006654106	2290506.1069097333	1423825.2074504525	40189436.933291495	2610780.216508797	136892314.70621777	4051684.615769694	17269566.41523386	2253072.1206794707	132711.19547300113	2733164.7213179874	1807443.2772735546
P00030	GENE30	Protein 30	2732759.4974706266	10602051.587608429	1979214.1242436718	3633980.159076696	4837308.462989986	4923807.73345449	284252.41153125226	4977935.103086403	2934868.017115963	2133053.677619985	3088297.10755821	4031169.7220746176
P00031	GENE31	Protein 31	41383126.88591961	466837.6578815609	26859405.780928865	6994710.1827568775	17689744.007649235	18996362.63598776	11513240.728508435	3535741.0313257873	2006972.0757585948	30273559.54223758	10728820.956934795	29512364.48343945
P00032	GENE32	Protein 32	3280143.4997701864	1847520.9266988826	222679.20112355502	13957927.205195071	621421.3746537683	3130976.016742415	1127260.7545338387	763783.2357907952	1004829.4541920974	8629611.351775272	10510638.023289494	2501912.417435086
P00033	GENE33	Protein 33	3404774.566228861	7408815.661247922	4437477.207235914	3695947.4901340953	3119541.9429467726	14762594.622815171	7579387.230358602	2588663.027043871	724894.7279742429	8572491.91697507	7946685.39820991	1232708.35949316
P00034	GENE34	Protein 34	383869.0575068262	34096.95566994062	5933315.671422681	32653530.44211799	30207487.24045935	20044557.539767027	5333504.798945574	2743321.313508743	4926305.380179675	15293618.471103074	6406842.056538099	4537442.111186293
P00035	GENE35	Protein 35	1185421.709277199	8843974.320159586	72707.95321542853	67949569.79741618	4856724.300114435	23236322.374167502	12919876.746911274	95291.05051075299	937061.4356937477	2454709.890981979	8218739.9979333	5479163.0864616195
P00036	GENE36	Protein 36	5249596.765702908	14877805.433388134	9906069.13619118	9574018.585236007	7557913.8874542	3709236.1453399765	4743800.594412942	1122408.7208255848	1281855.6515981657	14361811.761166463	6256502.818201036	6837277.414656463
P00037	GENE37	Protein 37	28288019.782161616	6842912.99151676	90551393.5902815	235688983.39469948	14580126.0265703	2229272.6586658037	1794610.0727614218	2505215.3074238575	10406195.482150773	10453220.960839475	554229.8659608754	5162498.74396019
P00038	GENE38	Protein 38	15096653.696748499	9453219.619636279	3308691.716219605	1051318.7943937902	25636174.98159218	4325801.610164745	4618985.663565514	1727719.9448818082	5396451.802034904	8334524.141977381	2202306.260082877	111601044.57573594
P00039	GENE39	Protein 39	16227687.531173699	76109458.11632568	80230442.4717367	102594777.96894477	7947249.006669497	12426005.11356204	6955293.68877845	15276885.234477311	6267092.514088829	29282092.38289412	1414007.3190386582	5398177.753396188
P00040	GENE40	Protein 40	9200770.402882524	206125.58694649808	788818.3342252673	18296576.4876583	1544174.412677563	91928010.59911509	15174523.928127382	3340955.49048166	259437.93401788943	89852462.0992501	5873004.625886443	27015329.442465767
P00041	GENE41	Protein 41	1661800.724299294	781955.7323415027	968999.8752807481	18207038.8787075	8851851.360291911	22630319.437093146	18243309.32491004	2457474.01105148	1276286.1269459354	43894417.15784717	1881821.5099083576	10679444.652065367
P00042	GENE42	Protein 42	7362110.948505638	2687780.400014846	23242191.37790475	2563517.3965317877	1677675.280387609	23471959.778125767	4346207.138114653	11788751.44000764	1508385.2550964658	13587600.3485454	1167493.8932917188	5472306.676830328
P00043	GENE43	Protein 43	401518.0435742955	6850112.411851411	6107754.363607255	5772999.467580976	4363639.868646873	1470299.7988205561	1571440.0240491938	8986443.25676339	110542350.25192031	3004612.7127068373	19696538.36299357	1262735.528746491
P00044	GENE44	Protein 44	8158406.090737034	7238354.153417211	61382.029432469564	1708524.962066968	1197636.0466700613	5747405.387813547	1065913.7487361315	12919998.391055115	175410.66075997674	2417740.246752455	15009374.870751036	3938740.0957103106
P00045	GENE45	Protein 45	20126233.601144824	1483807.11600692	4114928.6642109533	9175533.03408142	618218.890432259	16278561.4689789	3981582.5427055527	275885.7442885716	9221221.103793379	1785474.2202094079	330082.7235924352	45795010.0586621
P00046	GENE46	Protein 46	6085495.398613223	4435142.703505701	5748707.96157039	6775591.582688054	5901568.500734082	7094585.062704756	13922058.073290069	2096593.5743040808	2473463.8481332385	441044.44465870026	594303.9698932032	46924923.24506056
P00047	GENE47	Protein 47	6362726.4835852	519462.71235451725	9462012.289882477	3127987.9114535153	1863683.5537755326	4464732.280336021	8190526.709566537	613754.1373259623	566665.7361026563	1845645.9041523242	2137462.2409767588	3054989.0821313797
P00048	GENE48	Protein 48	1039127.6628503182	1006492.8046263815	5140195.908146099	18366497.97986839	1201850.9719086606	42408706.63024695	857780.826823851	863805.9441980709	2518642.4757604375	10598099.662757698	6949995.3394579645	1726040.476650065
P00049	GENE49	Protein 49	3450013.605347616	1046003.1268927994	2513384.681031834	16307797.948827472	693264.6535925679	17357947.425458036	478664.14620750333	2046500.1725771974	140057.50105010215	315213.2408570775	1773019.1721240354	29485853.413251497
P00050	GENE50	Protein 50	934552.4457931085	6150681.330728142	2845301.828478675	246912.13183461616	6324124.145850229	61701141.999499284	24926310.623252954	659589.1446640451	1365031.7410190946	15795142.226514768	148631.40855888507	6659724.221514043
P00051	GENE51	Protein 51	443897.0157406363	6014718.258726862	8319937.39804279	396767.82993741456	462567.7770703378	9848639.020486189	8336567.06284419	2653190.165541745	154881.79187107223	54556985.51690745	4332022.040798591	2438899.01984702
P00052	GENE52	Protein 52	30021731.84238165	3666528.2830000203	469233.2011844645	744123.6765533175	844433.6445976045	446352.39156042895	2417605.6735606287	14190641.667378835	2309212.3686717497	802488.9259024331	1599573.5562862968	28370825.63312328
P00053	GENE53	Protein 53	1068835.4063383213	499427.6208744553	2210228.294215727	6079545.17445255	1019953.7035517412	109532598.9094989	2979213.1080606473	3513845.240844987	2554676.1007248135	1045399.9083360133	411457.7488198182	13991492.682643801
P00054	GENE54	Protein 54	9300300.68797225	1145289.9482875264	3071708.147281331	38611936.1797607	42645120.55950639	53635001.83522539	13974750.642249385	1350085.5285674247	2964821.8760652887	5137807.787140891	302009774.74125975	7633503.176507358
P00055	GENE55	Protein 55	662979.0821135701	2477975.90359704	2357104.1684796354	16611252.978970189	48265477.155838214	617694519.8891304	1497584.2794522366	1811341.8887594766	223984.6467542982	7448403.088896698	2987528.4348812676	1792708.5371484403
P00056	GENE56	Protein 56	439974.3360227954	665085.5332912107	2488550.7799772928	30299648.68114212	746353.2488226676	5943955.919113431	1542543.430882347	8901345.63819119	1035173.8047753632	678715.1671856238	1442641.7391648395	26202213.16959771
P00057	GENE57	Protein 57	76708043.15043849	2016345.473959253	245751.44025232058	11437865.010759136	24934866.362837803	1584316.4567022673	199676.3770340316	1377105.3774179178	10304742.87613848	235577.80351902172	1293171.1162780856	5916432.334246327
P00058	GENE58	Protein 58	11201894.91843072	19436624.432425525	19651683.325763516	2783220.007101193	44874.556114338666	3952712.786318654	2338751.0337383454	6705601.157833956	7250800.795782079	29471662.774348326	573443.2384580417	53725007.87009472
P00059	GENE59	Protein 59	2763187.6740886797	518953.10965744563	4787923.630836121	30015194.046130303	764134.8530330422	27541827.623072278	9841559.587260913	1504457.450327608	9580569.834985213	3073786.467701502	10348625.500438178	1836096.0955842175
P00060	GENE60	Protein 60	18646519.292700164	10276195.587778619	11142324.936930964	52032520.68942186	9362206.552654704	5050598.252625469	944840537.5117803	48753.68972443503	1316406.4383615619	15761384.469770871	869909.8764667028	565142.062219714
P00061	GENE61	Protein 61	2978863.1084184716	6370961.414893694	25890206.37539515	30053174.037031937	16696509.68206365	59309707.155301355	2233249.5481173787	5098716.345515855	2412309.26807301	833978.3599865565	1365658.8747534065	33804976.4485514
P00062	GENE62	Protein 62	989682.6705048908	563976.3305091285	276383.98979592323	6211244.07106498	5255766.804985751	4560585.185379748	3845137.130772165	6742926.027437615	1223617.9402736272	15860659.982298847	7013022.732783052	26175220.341241222
P00063	GENE63	Protein 63	2401252.867729108	9968056.80299135	223658.46274069688	7872024.820976292	24429210.925688926	5980568.7798040705	3680071.061660485	1542329.6429182123	914310.9023034048	145929.5426643966	1810019.7738912117	259343.59365156855
P00064	GENE64	Protein 64	2521231.8465802767	4965612.126428493	208057.71444586996	1214162.1378752915	509574.7154752774	15935109.783024918	15652293.03390908	387814.10613319103	9066292.671208804	3726512.9685133523	601197.7455834846	4505035.787089361
P00065	GENE65	Protein 65	608375.8095947054	548821.302467991	3367274.763446671	809439.8055847123	15276643.74521283	14232118.458113404	83806851.3290873	1429294.2439436247	320170.40905916144	9702270.923586411	11747752.321068963	12868650.038044453
P00066	GENE66	Protein 66	3114723.1819173614	3383727.130802989	4354808.288655972	7520553.479484258	737180.7188983215	44342833.358026594	4666868.1321179345	6248298.631704163	4551050.968792529	23866588.151227836	984725.2330965758	41050680.296241075
P00067	GENE67	Protein 67	5532343.642781831	376444.0906276729	11362596.765125083	5989707.763326627	3635147.4343351866	17905808.008101795	1188416.3390196583	278662.98005519924	34148101.167671494	13990976.56418669	1225758.778158141	4739742.800137739
P00068	GENE68	Protein 68	7320004.425793444	107409.64681458526	25614649.1159029	23201354.770921938	581037.6445430068	15219938.35902192	2002858.688376049	1800863.296327664	8440698.883518819	646556.6425835113	2377482.1045813235	7038430.536294777
P00069	GENE69	Protein 69	3500918.9660673034	126729114.74926357	615924.9832556724	22953812.600117162	19476664.881628964	13221993.38619422	27292766.69200596	5171189.267698893	889028.6980948693	15372810.31095043	10130774.80074351	34398408.48335205
P00070	GENE70	Protein 70	5014558.0881839	1006525.4225364008	1962492.2832575017	68499471.74450573	1852957.3987679798	8873089.38448046	1464254.8654147706	15268104.58889502	5082439.479377216	6332601.071035719	820391.0631239221	2190292.8569198283
P00071	GENE71	Protein 71	5602764.004450937	7138647.222891233	8123412.697438652	919980.2204360346	3003787.650275873	1589721.8089915577	17696829.329922218	702970.3521825812	31425634.928096984	883761.4149200597	1563976.380749331	3391697.1196121057
P00072	GENE72	Protein 72	1966624.3158599918	7256889.648391801	4250363.983037235	7632833.150351135	1202614.2920509898	1478065.1173758537	2483678.406849314	47759856.54648121	4884392.985793725	164154103.20761487	52235653.59795648	22482558.39827404
P00073	GENE73	Protein 73	4920117.9917288115	613778.2252946326	20836689.809893806	8882800.86397486	1407458.7859981612	30672107.407359615	2071176.295366523	8467203.37016712	5074538.484521905	2809988.2715175576	3069010.2599118277	1338630.3736641994
P00074	GENE74	Protein 74	6819446.181350469	210710483.80826533	10650113.323104776	499748.84393402556	1280897.9605679703	1273843.3779938172	15494924.37825723	606062.7547058833	1406036.4981638386	54858388.86084649	9200359.658144005	43472389.88932126
P00075	GENE75	Protein 75	820328.7897587564	313802.83534688037	25886643.454837877	3241947.1176095353	5014400.893374171	8281041.412472024	1270085.3799737399	633148.406913866	3811514.6473533954	8971228.457369167	1602493.4207445355	8044532.012945118
P00076	GENE76	Protein 76	7275601.418715889	3547861.1791214584	2235583.1670839316	7436571.717731589	10758397.5041284	5421203.291043873	1488318.6571450792	784509.313706079	10113748.907576367	25355479.37634076	210582.02131549356	5728730.061624312
P00077	GENE77	Protein 77	1818599.9154502377	497597.4268434847	2849566.228382857	5238106.059794549	3144204.338272242	8013606.041622858	32616034.84229997	3332346.9849792547	2842512.73285275	18974295.614106968	1990337.8948184869	63447200.17899199
P00078	GENE78	Protein 78	5763537.520362984	222453.9225562493	1215241.5393403275	57009994.267309785	20212580.51837737	68409279.38500825	337306.51389311685	11983657.676446894	5205224.271142614	919849.0874284016	4300444.635744213	5046642.235144106
P00079	GENE79	Protein 79	302651.20008187275	21988928.66544037	11898627.578282773	12643784.998670366	2111163.7487211353	9789870.351450266	4690139.246642539	7485095.099131648	3126910.4590205327	50284870.852684185	2800746.8863814333	11109911.49095454
P00080	GENE80	Protein 80	1579038.817297073	1195556.6032639875	2673829.018465706	27917348.933814153	2257654.6924573574	15589129.9627867	2873319.594210252	775971.7532894296	5982316.070424572	16423116.286850024	20091276.879640866	776949.5794619403
P00081	GENE81	Protein 81	62683904.35695928	512349.956774358	113926.41023999837	48216070.39178779	1427512.3370451056	26839901.596946668	1866989.759581796	5871821.4463774	1136662.3365958305	4263926.826369217	1559740.4640953126	34834831.281155266
P00082	GENE82	Protein 82	4800885.310965182	3860606.5507672178	2918601.345896823	6577436.847256441	4569728.718142742	3730339.2294663703	24200002.564934954	14068575.156405773	34809872.415361255	15902196.722040359	2389968.7023597136	4741281.853571847
P00083	GENE83	Protein 83	3122170.859310487	428327.36424818943	8148941.702009073	90999289.23207071	478340.19705288287	16852899.315947715	1001599.9868105386	6747582.02834918	888734.5025012663	18587629.861754328	2681215.9601687286	2008598.6900634202
P00084	GENE84	Protein 84	1214188.147633927	2498714.4312171265	42228074.07086092	9210853.913777048	254247.66939180857	2160057.603262386	1431712.3824598852	21872102.05084016	3874386.271956352	21239573.4720666	6246463.630903765	988843.38040672
P00085	GENE85	Protein 85	6285815.505201993	1011841.5638706457	8608797.688989475	3630621.238896685	4113780.910357573	12910492.219734201	3096338.6698417617	5781511.048435785	792285.4190925696	533013.5255864694	812272.352758749	18712631.72854711
P00086	GENE86	Protein 86	12097983.265790224	2804410.038558396	6396098.257878144	38055924.33210703	3043747.1615737495	6767980.260531469	11238604.116477938	5936604.333589421	3746052.5623082924	56653728.57690564	182429.45484996698	6919277.160234527
P00087	GENE87	Protein 87	42653984.54938039	616312.6067800546	15753664.640023887	731781.5775884145	5078970.172373861	51757738.00614731	7711113.177523135	17586393.84274029	148662.7463982012	15179584.038024144	4045548.306869625	4867261.473745932
P00088	GENE88	Protein 88	1637741.116548027	4811787.7381315585	3495576.526220237	3661229.3843794293	9657560.188033115	2989611.3304707715	56020993.515376665	10560702.629910897	439598.31144385465	3834878.9291928313	4234507.652491658	143972895.0650009
P00089	GENE89	Protein 89	1959180.5209511004	776790.3608194786	7015896.125211869	6041055.921961449	2417724.075890441	9920625.469968779	5779049.671890023	1602605.9613114016	204838.24086402424	7690708.467083101	5405963.7668980975	1655721.4515205985
P00090	GENE90	Protein 90	695591.3694069465	2603608.8724974655	75368792.1948309	4876542.670045768	1235506.2049177506	4545296.033315633	6968209.871592315	428864.88561535877	3443294.8600266296	1623161.1752205023	808907.0682894915	27570234.27110379
P00091	GENE91	Protein 91	950927.1378471662	10115741.93131957	470353.45570225123	812794809.8944756	2870866.5634796	38242774.32110359	8278916.403264222	1452428.9002866056	4804964.612016061	17326540.422714416	7491601.602771178	3355892.0241064755
P00092	GENE92	Protein 92	8784714.546512108	1875997.6567140447	2153830.1344771073	8883251.637361139	663912.010346008	7511352.918242056	3520385.992271626	179273.37229735244	814874.0508597407	47395045.68665991	6833212.502210817	32627807.041086357
P00093	GENE93	Protein 93	129040.82059245133	11618306.945701165	210386.60110801665	33865968.332142524	1830327.399558137	7717324.403032117	7182011.306352875	5017367.5351614645	2026414.926883022	50125968.96812156	5570223.280793118	121693215.64693168
P00094	GENE94	Protein 94	1937598.5996500326	4472596.652277536	2486554.606268028	7620825.749127311	6130805.072029758	10732600.970465902	3738115.2155898996	1243403.2720739476	670678.5250861968	4723339.30019108	2494464.37437562	5197987.186335951
P00095	GENE95	Protein 95	79684927.72121368	10922461.412224274	1748731.677112411	2381095.0694052926	131506.1695008098	7960961.578089731	6875319.314504325	1601015.3566766903	1451623.5853670423	2225029.6792103895	3091982.6045444403	10295718.484595338
P00096	GENE96	Protein 96	2836570.4610317242	2002672.5459123084	1442695.7451782697	16835806.9379768	3191639.912247725	1663474.915988857	307908.7966132082	1128677.4875770225	2503502.961020406	5150269.777589422	7439557.358733146	8639882.20183506
P00097	GENE97	Protein 97	1915446.2382539273	2765518.671134887	468754.36555700644	911823.8476630292	3442528.5426608413	22751919.01950209	952117661.1043825	5559674.86321941	5962722.30768149	25876426.033809032	10704115.116317676	3410281.25580628
P00098	GENE98	Protein 98	15110676.283240622	6511879.33086485	1985279.9615381134	23022696.670302246	1251010.1769994462	11565882.522419106	5163118.2898294795	11211945.928520814	3737255.5171155883	2768478.3365304978	17831386.961581495	5706636.481941429
P00099	GENE99	Protein 99	3455625.775132038	5619998.140202124	2243256.22329736	4445502.226562108	5368752.173913111	13721572.032156073	4423990.099207837	8241506.840185414	646069.5077847835	5905326.461529792	31493145.2305003	2089475.6213142385
P00100	GENE100	Protein 100	2501439.3074964304	8439606.655583499	543535.0986122364	5894042.558506562	2545793.512570512	896481.4642703504	1390259.7135960925	1566786.8610166206	1907259.233667722	26804990.191779032	50051024.347376265	1727790.4009915628
P00101	GENE101	Protein 101	24608062.634879135	288950.28112092527	3549076.142706809	4930826.938434891	1596169.900627356	7876481.754276505	698779.0152816166	20701150.592164494	8478345.131172623	34862220.62730531	1906826.4567717288	35337664.08962172
P00102	GENE102	Protein 102	3931465.5953053944	3526438.3139949567	366259.3452594768	36601247.545299046	3436120.663250688	10651347.495784665	18731462.790551875	1971503.0443296337	15618062.100750664	10865656.666525522	401865.7450463142	2284525.510783299
P00103	GENE103	Protein 103	11535622.932347942	295182.2901627841	745617.27870889	350209.5828038062	894079.3264001625	4656020.479141055	765089.4390807506	1016770.9580671877	2278701.6428606515	15791355.647755414	1248403.6172007655	33079424.9967504
P00104	GENE104	Protein 104	715271.7666841903	1402991.8177945544	96523530.32509203	10521276.853474915	1304205.4599282374	30380699.658831995	1759155.2995485922	7230455.024526788	3709288.2659254884	2210313.616549001	8615507.611297952	15974642.257423155
P00105	GENE105	Protein 105	17253768.50861731	1532957.2286681612	1504353.3992802815	40915931.55724976	3316308.8511742535	301601901.4136541	9185433.399005532	1239078.759800252	3941560.6771619567	3118678.5370446574	320024.1758070581	10078837.885365745
P00106	GENE106	Protein 106	3438303.531225495	3821580.7484270483	506229.1437722801	2261563.7377181104	5376701.115381423	6932371.510266989	2278774.5343321986	15073879.88001074	16100313.496419625	9318529.655175209	3110011.353545814	17395612.141904835
P00107	GENE107	Protein 107	6990981.854082658	1002505.7478338127	4519118.059296882	5622621.708117138	6225489.7524471115	132557069.9833927	6025594.519036875	12154344.70903676	211676.0404000879	56255905.600654416	6761554.919504127	3115978.2886269954
P00108	GENE108	Protein 108	28603647.905237816	379859.307382268	268841.6933047336	44094908.745844245	868264.362052132	9682781.197324447	12598493.637469461	978351.4245563925	15581436.612536086	279425.8551510808	9488455.448000327	6681946.652013348
P00109	GENE109	Protein 109	4174922.806163915	598182.8429231575	697467.5700545978	14963930.296260407	21726818.615159336	261033.7215753367	2100035.99620192	3027399.1625681305	338213.6639933945	1509421.3660659178	326971.313629312	390723.9175584468
P00110	GENE110	Protein 110	7856252.898646473	633628.0449560347	835387.9674209749	1016429.3032701089	3491054.731053851	579653.1005025492	872144.6353821869	1042982.3827095196	1179113.674282039	18774049.619170085	2240738.0778415524	34041147.85648114
P00111	GENE111	Protein 111	21664960.000140145	629126.1437025011	6187115.1775589725	38030764.79791086	6042246.703881316	2396622.59779725	1470511.6884213581	168777.21819455945	396860.1213957037	5886690.36553424	34782862.57441372	3939782.495763757
P00112	GENE112	Protein 112	3841378.6820853446	1382057.1427513084	2620634.9884978626	2536837.272162882	960741.2942720257	8803875.044562442	4988573.939911809	6727372.078102562	587306.4399619005	14933972.306880256	23808947.169143427	12920017.255096503
P00113	GENE113	Protein 113	4272980.505525511	973021.8443858736	3182552.638173767	2746687.6817804915	5691938.087018859	48671261.38762741	5894224.461717731	375315.8941575085	1926850.0350346637	309075.46533155465	501674.31005652284	1303569.5599847832
P00114	GENE114	Protein 114	2585494.315779141	558284.0836921744	225449.7273187553	2765805.9547753916	20353183.679465707	2058856.6458352848	30663107.068556502	3617688.381504831	4856165.884696114	232171375.09264216	1565962.9052098203	18022879.374889463
P00115	GENE115	Protein 115	2070744.0931642586	541385.2313582704	15893489.017943414	4893088.104508563	1942023.273482469	3495445.0626586704	1795322.2707304177	262727.39691729256	613263.0026615537	27355904.89173707	19961723.747191593	456628.917057804
P00116	GENE116	Protein 116	8628146.722376848	1413329.0681478537	1440417.681375919	4074667.492627526	5349882.003774379	506512.01006698207	8805008.82298262	1736141.330317003	9250034.647601618	48960637.459037796	4464624.420353808	14038972.901450578
P00117	GENE117	Protein 117	15336961.536075141	649060.4836230656	4491330.763564729	4438535.732770734	319126.60408431455	48635813.40570378	29880770.48471245	3628965.4614867643	1488929.2841842591	23950611.18785767	2194467.547151173	17498615.708470512
P00118	GENE118	Protein 118	290436.4896617274	4547503.005623969	1141220.6473653722	645977.5742668828	3844720.7699365527	11931166.879377872	1318981.4744196446	1446787.7050104437	1194944.9424968958	4741629.922023261	1621490.4454688702	4387843.226809157
P00119	GENE119	Protein 119	22298036.557741497	11249061.709766995	5453954.014041066	6782466.77079699	2470932.8448046735	43856426.98231606	348445.67595794826	6723894.419795304	771763.8513876565	35034810.54616352	6015930.666810898	3141107.513096049
P00120	GENE120	Protein 120	760754.877154373	444371.2834551667	1683169.467758173	19227451.906105228	68380.22945676534	6361459.819131273	1586518.4031264426	1193207.6395302971	1937314.9799597932	3718845.766866864	203657.6585810811	15906579.809162596
P00121	GENE121	Protein 121	3227407.590000117	3704087.7216513185	1675525.0638913692	13463490.577399973	4330425.053824054	5245441.829458589	899484.9234530178	7030035.539861828	5153109.149946708	4037439.360876318	549010.0401867809	49416982.90654242
P00122	GENE122	Protein 122	607270.6853690242	39579271.39917477	15388559.459038794	9675787.527044022	1885505.9097559259	20058743.617185015	4110801.727588127	6067793.158607196	11334669.62249975	4500379.050729208	2425428.763569678	5355922.0421746615
P00123	GENE123	Protein 123	570621.1963425516	1092467.5291174038	421166.0157149588	89248695.61912465	1384970.5595980978	1302679.9320602566	680728.1585666058	6751606.061832314	4845907.136486226	16860354.908709165	2464236.924221691	114769250.47983252
P00124	GENE124	Protein 124	2319591.2894269438	8174383.805606391	1404589.2413617184	7370753.398324799	3063128.4516870887	19193332.688514255	4117430.353674025	17230873.49938323	985142.4830735147	2535619.2022652095	546291.2312059549	89486941.70647788
P00125	GENE125	Protein 125	2777512.0160224875	923894.395540778	1046998.240989819	29885463.528634652	3261664.6633314257	35893554.99403731	2564493.831077555	2859780.5993692754	27592021.318414375	26153644.587452587	3286564.150593717	1090980.5164652287
P00126	GENE126	Protein 126	9163637.360769471	5135161.069224941	492429.9884048223	4337119.629203067	42670944.81740803	50107974.617646	2542451.0903699845	2688695.3475851845	288092.62875505636	70464093.4218028	36614378.249977276	22514832.325233776
P00127	GENE127	Protein 127	8966321.61129306	4429219.699714532	514970.86421113345	540908.9016057182	1043689.0926483503	9620291.288145838	11151325.784934262	597215.7231240728	14920311.710556732	3365123.771290232	3513041.2965959893	3160172.178884996
P00128	GENE128	Protein 128	2897826.311607083	776485.3678314246	308197.66438268125	3076943.9054902224	5164799.157612392	45976002.9952658	1158283.6584636988	1678711.7985662927	8424134.862699658	21001255.65655396	1595417.9095506675	7770175.191327383
P00129	GENE129	Protein 129	496338.40880242735	884584.2509721515	508927.7197383215	8589555.311467892	163073.4403852521	22951543.53187138	5765735.924935696	10307170.443770872	715983.7719280798	19125853.165597986	1260010.2482182984	1338679.2184261973
P00130	GENE130	Protein 130	27244874.87759146	1829751.8894130562	11334950.528883243	9569171.183943227	2042176.5630713077	5396319.903963387	152012380.5517602	204415.4787875234	7634945.960242383	1121888.9953666609	33164039.813503858	6774086.092590337
P00131	GENE131	Protein 131	96624.12664066916	2133541.6242568525	265736.5243800935	2747762.6856982145	442870.3269766774	5299853.815339926	7670812.484472725	2750954.7284163805	1762576.8329245227	3677368.576208399	564165.8069992515	372371.35848936904
P00132	GENE132	Protein 132	3639633.025386205	1246245.5058566427	512901.0950433813	7294674.755789516	2532250.1429085718	9019968.92483827	2944761.9199149352	2704811.27057094	1749899.7477287308	4266691.356429175	132280.76712680602	5472179.704983372
P00133	GENE133	Protein 133	547976.1178688478	14051820.738831498	3281781.6997109675	17365622.611387044	25289040.040571436	6654080.472936175	910092.7144792791	2573400.6074365913	3263288.973771543	1738958.4207731066	1455304.7787687376	1030578.1929425818
P00134	GENE134	Protein 134	3255696.074241536	536764.037659505	828708.0996437365	5236580.884971723	7509355.803821125	1942738.8536986476	22287382.647987064	3066539.494562381	3737444.8595352443	2947421.7719497476	38302650.517698616	34692809.16727314
P00135	GENE135	Protein 135	1231404.1400013904	2052722.9112358608	9178215.518763037	2289381.5544820824	2366567.1025368627	3366243.677509413	9743211.218781471	26642632.64405414	315902.8113106586	2073457.8734896802	4610864.545681742	5495658.487638074
P00136	GENE136	Protein 136	2111239.7645765534	844910.2788497552	2371673.608060364	2213062.1355230776	554357.648432199	22318111.865034375	19672261.15022023	3302518.9072174216	1925165.4497239057	12298595.235198239	1397515.298644986	4361948.599160588
P00137	GENE137	Protein 137	572627.4360867802	4252122.115302676	2052766.5204382036	9395848.621895934	35836407.08115455	117500656.29444666	43417912.64847654	2036138.8381240452	3965299.0491347066	8946502.03556683	2680885.218230205	4782537.394962694
P00138	GENE138	Protein 138	3535595.614240316	7524632.307429226	498857.3859795811	4992635.721160175	2392240.5479054856	15458788.106495313	5866671.0698769465	9586179.926631313	862442.0630980616	15252053.294128481	7095263.449410092	98119977.4769921
P00139	GENE139	Protein 139	8077670.3506118925	2266533.116949815	675976.4806394905	38070698.32710112	24764721.878282383	131417303.06161316	1375984.2824643326	549827.3410198325	16995840.583729126	48230575.82711995	33328817.086887714	49548343.923060365
P00140	GENE140	Protein 140	24049528.621568974	2812478.033045514	2099289.613252462	702268.5807288606	1300712.555793874	2432798.850387611	3552822.0172221405	1297695.5061956453	1873754.9481083604	1599619.5783687124	432029.7125782657	3332361.8667594166
P00141	GENE141	Protein 141	11136095.08034724	1226385.637820103	423738.43003482826	13565179.375569748	77914757.0255493	591655.9371692023	10295982.123422202	38618149.177735604	419597.22673028795	2173258.9881121423	1184419.1876290322	5399165.750075133
P00142	GENE142	Protein 142	8409126.090285592	694965.1286092685	977684.68476315	9979895.765550714	5231081.572927002	6473302.424270861	2918686.3589852187	3442184.5850015557	1707834.3393618858	1552989.0347657043	2229987.4462302597	12228468.78005707
P00143	GENE143	Protein 143	11506706.694918184	1607313.628463501	149198.0450096155	3898709.3108449904	2382938.424975051	86838389.2387398	1711181.3547640631	3652389.9430694394	9856880.206368513	2314424.734002599	6415447.488689163	11771561.49217272
P00144	GENE144	Protein 144	11536742.319392959	13692355.992279707	1813072.6596628963	608200.5474132887	7616721.399909342	8424799.143887736	7428822.457325876	4019516.4027490015	1099971.4162023077	14081894.287143856	2477773.508901546	2902219.858783395
P00145	GENE145	Protein 145	13311807.452696664	11664190.81543164	22052837.90716993	31735635.363841016	1210737.294703323	15781344.8839174	7499835.90685765	3450912.5703149606	1211446.1566411646	23092081.385300737	1642451.375633154	38164896.97229041
P00146	GENE146	Protein 146	4241070.1993901525	69293438.98505126	23019833.636380922	9601563.172320496	443510.99059490877	11946979.28915878	2109125.763740284	1939782.4704864088	2215670.702788029	3629082.245314773	8237581.651895561	20161007.216860443
P00147	GENE147	Protein 147	908573.0893532252	3572988.305864097	273729.5450422306	1163910.0987741472	8053207.9837987	5404485.035818869	13959976.75568599	8619299.438390536	3334550.0089818793	44025046.26101718	2011417.740432717	26043777.729844015
P00148	GENE148	Protein 148	58391065.81790112	5911520.385872725	6242712.646480826	15680596.993720995	11810821.953542124	25600525.474635582	1563595.7745240037	4613334.90216023	1564955.4278764613	5675389.884490347	19499948.437920425	8904177.707397763
P00149	GENE149	Protein 149	20642966.336045947	347440.9839564207	1032259.5646504409	490038.5779375878	4236644.188128144	12843487.118351372	3556523.201940428	6412916.5396475	3876561.1819042	3904729.765098767	699904.2606326961	2432730.399344066
P00150	GENE150	Protein 150	26407943.1491791	2770100.198054468	2658530.9355604653	18260186.510491475	4492948.950364153	14257422.391431278	3353833.9751570523	62420.21343606991	2633225.3486454943	49707168.33711129	2230851.801697572	29335713.887269896
P00151	GENE151	Protein 151	2665201.1200006283	1485009.2490572738	180639.3549275246	41194715.3275785	28377374.526981432	1589160.1598437019	42709129.26801831	474087.25907793577	2040904.5286818072	123223661.57420631	388475.5867037551	2684831.094622917
P00152	GENE152	Protein 152	3555839.799307954	192444.61211341384	2121092.4312672643	1758254.8582106568	1075749.572812705	11115266.508756801	7770792.54548046	3580511.9180820063	11765749.904973285	16410506.187646678	357149.8865566161	10416542.901068274
P00153	GENE153	Protein 153	9798678.19821662	1428308.9276971044	533026.2716714852	779289.5981311584	1133995.3694501845	8207681.885450704	19254137.73267415	840860.3514707482	5097183.05305617	2494351.279837895	421647.6749635487	1947347.4399759832
P00154	GENE154	Protein 154	2334520.3893088154	1090763.0842201132	6836885.052013881	5834889.194579238	31145579.684586193	32962937.13669731	1262212.1306154823	631910.0737390248	23561711.367024593	1561609.2543286507	3178736.967472775	15758283.210438237
P00155	GENE155	Protein 155	965515.3693218218	13158364.613145217	1511439.4332250196	765383.4767104445	697483.7966870377	2492828.001440346	1681616.0832352042	1680830.259115611	3968529.4756608307	2800374.8724514437	5921997.151853099	2626883.965083831
P00156	GENE156	Protein 156	5103910.795295533	459244.3199551385	29940978.957100183	9906758.950347539	1976781.6156705446	5033879.804274796	1398056.4424879465	14366256.796543527	15720528.956934322	16568727.171495544	391051.72260705684	19111411.273645848
P00157	GENE157	Protein 157	7722357.116259672	8623391.561063068	1587115.7466728804	6850503.879406273	979913.734162884	1366103.63340352	3463129.96657294	796726.8612956466	3058360.8257353227	9787966.905403765	1111916.92738646	752769.0145218167
P00158	GENE158	Protein 158	567817.4949093146	130012.89493042747	3924386.8448215215	5618366.849788868	1511151.0554500786	6413690.142819301	15834428.15407289	1966402.3554510775	1960004.0631863305	468676.55343762	10285347.756778838	4150997.080958242
P00159	GENE159	Protein 159	7979970.482244112	30892408.94727637	2824928.7368013505	2234242.142213967	411784.21085206536	19473655.715594403	520188.329900473	3822325.3130684034	1667157.6165005006	21322697.73858923	12413984.615408259	13838157.97246913
P00160	GENE160	Protein 160	620959.8200966974	14358629.091725383	1604943.0468891512	2842659.5501235384	2996800.776875392	346435.2715584639	3578036.9304948114	3251844.822352888	32659087.881930545	5197062.647105801	2515652.190061649	946749.9855980091
P00161	GENE161	Protein 161	16914430.542209797	266024.60538153007	3073928.443091527	1168516.4970016142	795201.4976259634	23343527.49607647	12267109.948745443	8072728.45024837	11551051.90858411	85017237.81013444	2339801.2495655445	20686491.514205232
P00162	GENE162	Protein 162	1845900.523619347	2043733.4832724622	1557359.8520461647	2045786.0912606032	1224649.6544265144	80784303.56676409	41587180.62969783	9295762.850492932	15899726.708163021	1085371.6533756359	27289270.817855597	15980937.924081171
P00163	GENE163	Protein 163	4143247.8161372645	1185721.5000187794	1611516.8825782367	5730815.912647093	303968.3590274207	1924038.0252791583	3577418.5387822553	880512.0486248335	7710723.8504817905	2050443.8715519446	437122.3492804842	79914998.72678168
P00164	GENE164	Protein 164	9802439.700518716	2301269.7742786068	16338787.643636419	3849882.4595245533	9002048.197557338	630715.2319639031	1983012.8506894233	14834755.942522729	652910.4346192846	4201559.0659327265	191685.8979060419	641864.9333147778
P00165	GENE165	Protein 165	4503721.339367066	886825.6031100372	1888340.5057496561	11301617.465682372	3439176.4918091823	29250989.364831608	2806603.612150701	20982446.02216292	2344204.4580756016	994818.5776347101	565622.1404507249	7164644.606210161
P00166	GENE166	Protein 166	68563351.20298108	741617.637750441	834857.8881801227	13346559.0092425	8858815.847082514	4073689.6477885544	159241.83347326575	7738829.656336758	1102714.1149681776	9165763.019960279	7055796.614997602	14515173.775365787
P00167	GENE167	Protein 167	2681196.7093398278	2102867.2160343584	1164097.9836197817	13959146.638888644	586384.6526481928	24090746.167828795	709957.6638144449	5631275.792490066	722630.9238055279	5689643.958061406	49926442.74383607	4206231.449596518
P00168	GENE168	Protein 168	9312311.482247673	8464771.445389	221062.97521453124	54689136.178758435	1797871.34006363	9659687.871658249	4886675.760202535	47577055.89096221	170718.3548394614	721615.1055309519	1017779.5102710126	1029316.4899302394
P00169	GENE169	Protein 169	5100643.412970697	327193.3392401886	1857430.732952283	5500461.314565022	159340.86910278574	2340917.9911913914	3140443.958656553	11050024.171557648	1615212.1216679872	7001728.219100353	935100.1717337599	15474997.356638445
P00170	GENE170	Protein 170	2361557.6154913516	109925842.65836585	2557621.964240725	12371001.309337625	24415113.550357405	2409741.870983112	8635013.933324225	491442.2551373837	3843318.8756980314	3713074.4666844574	574360.4419974895	44726019.45974186
P00171	GENE171	Protein 171	2278440.4394369656	5753041.154329428	2425794.804096676	132397.9483229616	2524372.9814646086	5195566.61800767	1416988.2165064984	6256770.468393061	5268517.281426622	7151101.070911228	44658057.52032722	26486836.41817663
P00172	GENE172	Protein 172	2543650.4320048993	691275.3785249281	280675.2205203329	1578116.334173028	414480.4167506872	2226656.9589480907	963575.1900447047	4638912.035449369	6455907.010438789	3679837.079915917	11175951.69324269	15324668.586489763
P00173	GENE173	Protein 173	4869579.64468414	1345487.555922197	437575.0713083711	11797878.379040496	2034425.2144448885	34973110.90017378	3343061.0680470075	6450807.217735551	4075108.5643172236	5963874.585717807	14194871.856331563	2733845.2886316273
P00174	GENE174	Protein 174	2323102.453056401	2172696.3975805813	8055260.936709263	55137232.062755466	2708686.074401607	6689325.153394228	15309602.811502429	57045.839581466906	4944430.447745103	18333209.56330155	974927.3251619464	12229871.177181005
P00175	GENE175	Protein 175	3176964.351227627	3175561.533136068	517019.8407309435	2214042.1791991945	13438578.210617041	12046834.204266956	920857.763827263	1242195.1080765014	379476.09300038754	10043938.258892387	2547510.2507844293	11068915.21905443
P00176	GENE176	Protein 176	1554542.6355762826	1785938.4698664432	3558345.054769922	6200985.122236507	4719876.493563755	5562072.948527616	18124684.918420967	12275997.607083589	3992867.2616496035	1267790.031677618	2381425.3537627608	42313779.83211747
P00177	GENE177	Protein 177	1973142.3336597031	959599.0155164545	7173709.405508917	26489043.46257517	6108645.597015787	16357458.888649758	3378787.2469719923	877839.7271181971	13578712.63955944	182538416.06493497	7506882.308143763	16478289.010654228
P00178	GENE178	Protein 178	8330970.795284863	10305481.582244076	4787158.285544636	4750066.448343011	971652.9914756026	927485.6901388981	1448899.177692108	4130619.171259796	6679371.0750104	33550921.471965954	364396.0809932071	13987114.132670758
P00179	GENE179	Protein 179	13461686.92730549	5355914.398499434	155319.88834005108	4105636.3275948274	23099963.760965955	1739903.34616252	1453394.4823234899	9414546.837734723	483811.4861700952	470334.6480241148	3372770.74503321	1648633.7713940442
P00180	GENE180	Protein 180	4586062.013609504	571642.3596376748	3009870.79554934	12028871.106716583	2394520.3994339807	3415702.4353497834	6709224.885114172	706530.0561190494	1361494.8975920582	5853808.628493991	2635016.2547049425	5152681.07784527
P00181	GENE181	Protein 181	1790471.3299476625	974787.8472322698	1657914.4329511933	16204322.091572791	1440188.8506465156	6060418.874435344	4508499.655767253	6730129.258901465	298692.82966217014	22405806.113326877	2440699.3301254786	3339085.6278490257
P00182	GENE182	Protein 182	1201816.2347145777	187703.97598169907	9329683.306664476	25215204.697995495	11795426.474305231	12401851.337142851	207286521.41841915	11006150.144600457	9054279.968889212	117008004.3268158	1631067.5765397854	4632102.174957243
P00183	GENE183	Protein 183	11914601.767895613	1204672.1482479968	69341206.35282624	39143504.84786938	616124.9852750205	11515767.055124188	18371364.884538118	1186250.2555651795	383786.08773101255	7900346.184231485	27593088.759310905	490974941.74996597
P00184	GENE184	Protein 184	3341699.484883001	1468774.0010565582	18542601.723302122	20275708.320380192	25885411.21448361	11581074.92065177	1073173.746789812	267837.84907257697	687367.6282632406	1168199.681671651	8029136.1907306565	3149772.997249271
P00185	GENE185	Protein 185	1855528.1730199577	4211982.927511832	3317528.67618714	28487216.36767544	7457617.862318807	144651471.94198358	29685828.235409375	674698.4008266297	16908821.50570268	6910136.329396555	2155370.650540908	2443852.0862923125
P00186	GENE186	Protein 186	3695107.7439069706	1535488.9797875255	2012394.7828237168	5611146.021232781	9165037.685238006	58850791.73168199	1341846.1816968422	550425.9143392213	2804409.0101842475	6580906.223488291	3869576.6503106337	5573920.009370146
P00187	GENE187	Protein 187	4873763.025893362	12623339.772692703	814576.0450252814	23177397.614753705	2314544.2049199324	2080791.9571881322	10124014.031708451	550124.7429371619	2209695.75122819	1646460.6079996924	24316523.53536594	6944060.22955443
P00188	GENE188	Protein 188	6785038.653430557	1650621.4457040068	1231067.8883624007	21900589.23622812	1445845.7951303914	16642860.006140346	21172102.903558407	9589744.867123557	1952085.8814405403	9918721.351435805	37038462.717321046	1065536.765622817
P00189	GENE189	Protein 189	7489294.232920587	3608788.558785071	2512230.5319247106	1243041.519910145	5190071.889699567	3609368.409115335	2609555.078176484	487365.3707723853	554995.7829699343	11115644.705338564	33144028.959884197	1862021.0984203147
P00190	GENE190	Protein 190	6082119.012120874	867677.5729795471	2902607.4979368555	10564182.411193598	1326741.6485578034	20875398.7832256	3809905.042148798	7465818.6574163055	1260618.2919094288	5742426.804099915	1603163.298412993	2242910.9464749293
P00191	GENE191	Protein 191	11441831.785866104	681485.0692740873	2998881.8771290635	9291619.916738715	5619060.329931647	10471266.844478773	2165313.0527888	1177535.8786252798	231726.34551406436	4441859.4591797525	5317986.976392354	6159790.865989754
P00192	GENE192	Protein 192	18421330.74757238	9462686.411382273	11847754.512035636	2580823.8098020144	15349396.646184366	4054242.3042277005	6175604.275405972	1921456.1781843728	899652.211110513	9516520.546550673	3551286.2593707526	73054222.55280343
P00193	GENE193	Protein 193	14083414.214414045	3112553.673045224	349680.29318180785	62381850.22591713	1118882.7391851714	2532178.2582942466	1305873.6699612942	2321208.2563342326	412248.7439602058	1568331.916412977	8927028.343997708	12031164.398998763
P00194	GENE194	Protein 194	1175954.697780372	2201234.0686738244	818253.0352289103	8405874.917560013	10072112.055900099	78845.9521804966	1408370.1207859607	39590587.45582876	27292441.2553333	1166048.902236397	3225692.044186821	4680176.455563397
P00195	GENE195	Protein 195	607443.6273633622	2619775.277711662	5837944.459369242	47790590.43758648	707351.0409388847	5400913.831373367	16288532.670628918	3303434.1284883656	1279208.1107415617	1392219.245282068	34905668.41619782	12563884.731358578
P00196	GENE196	Protein 196	1483624.317297839	5582117.127607486	1195401.2736200094	1810457.469752848	14100356.628150908	52211719.66056361	21106121.059277162	1775689.7904369317	1533286.9047126109	1323354.5724373285	1950028.1350557967	6330288.11486489
P00197	GENE197	Protein 197	714533.2406825533	2675226.4135131887	5471570.735322575	1941212.7327299288	3391857.503301307	24075314.350107428	47724480.6905437	1494272.3116078335	1260719.7003414796	1238935.1007222543	3043058.132842914	43987398.319722734
P00198	GENE198	Protein 198	1085722.755022792	2920991.2583828564	1828214.6705653972	3704360.564217026	1044677.6991404889	66015223.435902216	1960645.1511170254	1619121.919008465	1158221.801265537	3605077.89062244	11636072.817844177	3862401.8749024165
P00199	GENE199	Protein 199	1095709.4141187035	19562344.404886253	26756017.11815664	2141792.8593184124	2739273.091981009	1809995.6464968184	509788.12847548665	2619076.489451282	548898.6655392036	13912352.690423017	761148.0527140155	3638572.5358044943
P00200	GENE200	Protein 200	7594169.955601388	6801356.0121343825	642759.8184917625	11277171.602930445	973130.6229926147	10794728.851025036	2044031.6040590876	38793414.91020132	4039926.976114172	1447985.0475584245	2705669.51921838	11562284.562019411
P00201	GENE201	Protein 201	4726554.363111107	7715278.886271899	3596631.70873912	3541931.942422462	2069493.790187416	87790185.94179109	27284900.40225868	1705563.2602720025	5087196.006723528	24938449.465085275	349348.7645178061	3221661.0038766465
P00202	GENE202	Protein 202	9500850.373548968	600954.6303285907	15103124.587541224	26204278.728726983	5896758.903637414	28082078.014553312	557644.8287395594	855831.0127457689	251545.79486336882	25726114.50779988	1688164.7181863848	34407979.5109967
P00203	GENE203	Protein 203	9413657.179726906	994652.9277303007	925250.128748544	10897765.74134445	1666946.018252855	21548504.321711164	1833830.964651805	694713.3445995463	2131573.382119781	5647432.998800913	2933394.247719285	1564969.6315001962
P00204	GENE204	Protein 204	802927.6135195576	3378603.154511088	3904266.06734355	11508758.664969178	5586276.85661896	4743355.602665074	45011972.92210577	1296088.6041517416	2636110.7195904586	8436887.582645379	12417163.694776276	21098931.033440292
P00205	GENE205	Protein 205	377799.97815858905	10691324.48299056	800781.360291004	3331960.492683128	18149651.37738434	12197719.071951183	8827928.353980985	1600710.5515395387	19642442.193640996	18401867.778183915	3398415.9994947338	113019791.11028892
P00206	GENE206	Protein 206	3630776.122451085	1738158.8871492532	106425.32639300333	4202867.253058408	2144828.0184732415	81676927.0420362	8743297.607575554	909772.7237723776	15927836.324364569	16974973.557874523	1428173.1014020278	8583442.989519585
P00207	GENE207	Protein 207	395408.64282153774	8573885.285033308	3997098.6280230773	2289718.4719515955	1852448.881012908	2049736.340802077	31566173.725581776	13460937.104452804	4582768.424680484	3032498.6426364086	188097.3193109704	474019.70716378425
P00208	GENE208	Protein 208	2492516.108335554	7306605.563359182	1031010.6196859468	15572115.603227517	3711667.30194982	1219543.2372520124	2067415.5276855878	1003500.0302623558	6790434.836937658	3726117.2266514855	708681.3742887697	13981219.05605328
P00209	GENE209	Protein 209	4777952.650054055	600852.5929107983	54096970.66605233	8387669.426057548	24740500.112202693	670004.9759703326	16534475.004069163	10425255.213614503	1548869.1453942459	8183482.453729934	9889501.372619394	3265217.159737896
P00210	GENE210	Protein 210	8235178.97353832	29912612.46360027	4968088.125939428	44133282.11208699	8329022.567593172	2311939.9373265076	7326621.1288895365	4585672.649031388	3462400.2002814156	1012802.5131577401	1241073.1036124886	21561286.445659738
P00211	GENE211	Protein 211	598191.1552827667	402858.75850537774	634305.5563734132	411307.53141670313	2421397.693722335	35110729.71067764	902352.0118970294	571585.5079582299	1359096.6004582145	34294444.841838844	3070408.545413808	30427691.240481213
P00212	GENE212	Protein 212	3725647.3815596304	2793068.558726047	421896.30294800585	3955864.0558659877	137152.8703417021	43866540.07830573	9441119.048605565	1441904.4733479114	7854980.631925879	5871564.448814677	10308226.967315674	9427991.088057896
P00213	GENE213	Protein 213	1196930.3947137804	305578.01223111735	5701090.312148799	3467629.893635085	2343173.6912443624	36547278.120295465	12169788.94979981	2919359.740978106	1104727.500919445	6604907.751672025	129949.30974676332	44882260.73013479
P00214	GENE214	Protein 214	751823.6222503739	2771489.268718879	18780930.954712898	14366468.40394665	28639273.0124353	36687091.48896558	37651732.264403	8563557.966973133	4548104.834400524	20555561.958737347	909124.4352522177	809329.5390045469
P00215	GENE215	Protein 215	6763110.487963866	4630561.422848329	1872230.8746903492	4542977.303653576	28379943.385847326	2272930.7807916105	5087495.4286390385	246724.0446583097	1726268.999949626	17734561.9864278	5246996.927812669	8373691.37358274
P00216	GENE216	Protein 216	28731969.289520685	7041116.745169704	4155691.3264021766	4146907.6658766395	7243726.603300814	22276634.05444796	55003298.204898536	444072.0820335285	2018046.093331973	7912155.768734043	15085781.996662026	59340140.819441244
P00217	GENE217	Protein 217	48434107.35415145	6417239.496647973	1974644.8204426642	2153099.4517241176	3145290.5015922966	11748406.572427839	3668574.5345230475	3222274.3887934675	421491.3244831852	3678482.673217891	48743317.13291515	2093627.7703906493
P00218	GENE218	Protein 218	3311375.606384559	59663313.827505246	1003893.3343490853	9928335.033189533	2247653.153856575	40982270.062492706	576606.3333930407	1695448.4437004926	36312092.92786701	18159983.749723	7679380.447339839	33652268.16162272
P00219	GENE219	Protein 219	9361624.670079002	2193556.710726076	1275987.5765802162	174355.32586468433	2372824.4319693837	89031870.21724561	1069844.5613581238	4351246.945290246	3676964.514228592	8975378.329426443	3815313.431941568	579926.9205944283
P00220	GENE220	Protein 220	453212.17692036624	846066.1143503722	1920322.7587541742	26193277.847090762	12071024.169360604	1033824.503371145	3534600.134843904	13770730.853225186	24626041.69747279	175656.6485735076	1968098.5042356895	12939012.352146355
P00221	GENE221	Protein 221	1777711.5811839127	2368537.294926101	5361970.062743511	12482265.69723566	1202661.8161983069	14131756.099541757	215644.00563923808	199319.00844349636	5434755.463104397	8192361.11674415	69753472.38722336	17716099.46231384
P00222	GENE222	Protein 222	1703319.5029969194	829514.3334829359	5298829.581033805	22547535.68227856	15011287.646110153	19605047.391627632	2482037.8489927044	3320677.7373184282	1210890.0494264327	5980241.39026995	219221.37519449447	3770643.946857294
P00223	GENE223	Protein 223	20062537.401005894	8361323.895267036	5522352.274629036	19577601.03938671	355367.4408402164	6042122.567762717	13820250.041664863	6953438.578712227	1102147.7370593955	12854484.99721262	2229646.9334634417	640538.9890005799
P00224	GENE224	Protein 224	13171208.66164648	2858021.1432192796	9739453.427277206	27514430.08063203	1026832.3043797087	11997916.129725495	1701945.2932817335	86460274.19589551	7595453.094761297	12950265.334124424	510949.80174346763	25605515.51896557
P00225	GENE225	Protein 225	3732406.5513482564	604426.5488916438	99468293.05916792	89229239.83066063	39453593.77519883	674288.2736533128	13710544.129464462	587535.835415095	748285.3738753692	3513443.4138009273	11248798.732114716	3568811.5162587143
P00226	GENE226	Protein 226	12496994.958318012	2612121.5262649585	250739.21714022252	1824087.5472460783	1079356.9214243556	41407073.34617462	12663466.666875638	20917012.10632769	730145.405590461	8645558.877157308	36231795.9424593	16085258.347629922
P00227	GENE227	Protein 227	747821.389905267	2614241.8283522734	741150.3114960793	18632701.812493794	9199445.406608364	23846484.43553125	1079088.889891572	4774150.058064968	13046149.078950206	2804032.7324896376	1878476.01503398	30227288.140608996
P00228	GENE228	Protein 228	4447815.814982125	3560294.9619861776	43168549.376076795	20942929.74004033	12893478.688037211	3629825.395726445	1742670.1426967462	307380.69983317115	64687910.709843926	1762754.1681319673	1784427.5484468788	14786220.144040303
P00229	GENE229	Protein 229	4313322.701014162	8218375.590973141	3855202.9293312803	3173040.0067186058	140176.51517745026	1727778.9777918754	1299414.4495202552	1212253.120186924	1574972.0013219179	3695379.990943679	7067156.808028497	13219512.625987243
P00230	GENE230	Protein 230	17830491.32663535	7306894.36477625	42997841.04513894	51629894.70459252	17410282.171211198	14145202.795588663	15126761.617327914	7525708.168738967	2587763.0145645407	5911924.750847673	4567836.321490211	62743379.105340295
P00231	GENE231	Protein 231	996584.4157487345	805198.4865572425	2592602.922116272	29274931.219752196	4051098.261578929	40254998.1233758	1091640.6121180372	4406177.254441448	919125.0268551974	7245099.392363296	2580046.390697434	2541059.004156715
P00232	GENE232	Protein 232	15795557.966517655	25574326.551743735	1693430.037759648	5797856.163606564	24342720.530336335	75969038.05850433	16596223.810635619	3157662.581251465	6912475.50087066	2343321.116281335	9453943.598161953	1428160.474630048
P00233	GENE233	Protein 233	1107934.5508140954	27508782.31506471	584750.6003350338	3386918.5703165266	2540486.517381133	14553494.547495767	32195609.432563443	2978075.6389927226	1565185.4092963457	10722744.793278975	4250138.927934141	92390250.2247893
P00234	GENE234	Protein 234	689775.5091000285	262530.1269766227	4058054.6649283716	404977.19031574717	2414716.0778986053	1671056.2448864158	806137.2315041673	5565096.464283512	5352816.143603111	64917374.342893995	29432.927700207787	3002139.5402653324
P00235	GENE235	Protein 235	34892619.64107358	1566251.8310143652	149479713.92906383	2242696.4585676393	2239197.1482867794	1564554.036857267	915358.1493119393	3013697.8392337714	5217580.732142272	748108.1300257999	6380513.327942791	3573074.8648125473
P00236	GENE236	Protein 236	1314116.0214908014	914210.5463878688	5038262.2074087	13827229.627240589	1531740.3830495114	2363909.0987333185	25307940.670025345	3614794.737961898	11408777.6903098	6247569.361082969	2317838.540354605	9294908.032503702
P00237	GENE237	Protein 237	1270784.3011160088	1283728.6957745005	5113692.604553547	12949352.402481478	847197.1209267722	4781215.83094088	15277698.541960401	3573149.0696475212	3339235.0993646053	6172955.169925461	533024.3642018038	8867001.22910058
P00238	GENE238	Protein 238	8610312.66926099	4491095.520920831	562683.7336771308	15199235.672491608	1755719.8745177207	43779891.17192452	3149570.989207973	414746.65953035967	24550326.11679555	2003266.2758484625	902915.8474151783	118228689.17260636
P00239	GENE239	Protein 239	9288149.449060418	547100.633208503	2052104.9927478987	1637374.3043458415	609630.5574934811	86060878.24767473	132766232.45232591	1444111.0692550128	6936898.520571358	1800701.2708564864	430880.7956081327	6378603.9894087
P00240	GENE240	Protein 240	679430.0904801857	39196554.906752154	5438615.202061899	5378575.493997288	896075.405992494	58265121.129895754	2060302.3573055533	2175546.8094295803	2163790.909887079	3244910.277008026	2566341.2258736244	3140969.655839264
P00241	GENE241	Protein 241	3467252.1603071424	524754.8362967903	4130301.2243102468	614134.8758938682	1093081.1685876697	87533970.01868343	1552260.2803702082	1536812.5795887196	2641054.4299467728	3330998.464590766	3433351.9835581053	1523606.49865351
P00242	GENE242	Protein 242	36290274.61222479	556122.8347298224	781563.4423032022	60182028.8945298	554237.042072142	3868459.2483589198	3445170.636148039	468708.25017581356	12897477.923627207	31179784.535061404	6710035.827910406	108182578.05719678
P00243	GENE243	Protein 243	38091947.444187514	3550722.088504553	12436373.539822869	2078150.5950097465	1833127.8224881701	69610439.76680706	7481033.747584043	10863685.480015473	778058.4657024073	5391486.812085954	16411420.850902235	6085783.22600964
P00244	GENE244	Protein 244	995226.0327700777	898612.6739545193	3576571.2494718484	76079130.24050799	8191300.000560115	1131274.473394886	69066965.79680723	1141456.9750512259	265486.77985716646	22999846.899328228	9098436.697927011	1226722.2699187787
P00245	GENE245	Protein 245	11498356.824843176	268589.62585869554	2328634.969029518	6815960.899077931	3474820.5815931424	442436.5771760979	1538084.0695781014	4617995.126939401	751568.0186769504	3711091.6407923894	5042513.434467784	9045702.368624356
P00246	GENE246	Protein 246	9687680.740558017	28012907.009904295	11132529.199273925	1202831.624238932	2179458.641818338	2329040.5297948616	14488365.919370187	2356560.9040720672	555782.0565821459	36426838.969973095	1007525.9784324656	110480401.6690952
P00247	GENE247	Protein 247	1969313.7148076897	3381183.6978973234	416786.04795023403	1554213.7049643684	11883602.483981922	528711.2496778668	2534217.173993388	22830589.229289852	1262564.4285089828	2655708.3696255116	12511795.745738707	2342651.845285589
P00248	GENE248	Protein 248	9287995.942355242	362930.7393805355	18191379.021840453	6071481.154108373	9696953.06653185	4698075.1826394405	2841849.3552691233	3003473.230507617	9125908.398808688	7401622.199086121	4589992.513315236	83947272.6366916
P00249	GENE249	Protein 249	15340743.370086955	1342928.0375049682	901281.4867289519	9159100.268070478	6931218.798677648	1072571.4322754042	819591.4226587692	465800.5367830803	5616355.57505999	96767348.00357702	5952768.917934475	34539402.64267693
P00250	GENE250	Protein 250	38803311.78557107	278116.05729272205	21861227.13525319	13758694.382441627	3805702.92747613	8796164.165942125	570117.8085822876	495798.0739104548	2146012.1379459584	4796726.914674728	4763387.755593146	8494528.999426957
