ProteinID	GeneSymbol	Description	S01	S02	S03	S04	S05	S06	S07	S08	S09	S10	S11	S12
P00001	GENE1	Protein P00001	2993367.795674145	165648086.55692744		12215398.968788216	4560456.838694699	10133934.347033443	3961788.9773640935		114711260.07130273	302389.19406969467		3738614.6376474747
P00002	GENE2	Protein P00002	13722102.06137499	3510760.817055168	1666951.3751501127	1497510.358793418	34679545.9022404	756758.5483460331		263729825.1098123	4966277.571124089		1423545.060321497	208331156.44739714
P00003	GENE3	Protein P00003	10992288.18525614		2324816.147873143	6261966.281003814	54867596.830726355	16140196.327612821	1191474.0963189255	5612124.36703011	7009500.858470357	6464462.698563255	32065079.78554593	23682322.093591824
P00004	GENE4	Protein P00004		12791452.468830798		8859818.259681724	8348254.734399062	1876337.236113076		27543553.272415258	15583702.36762392	70920298.42909986	22729769.712858826	82177541.30279016
P00005	GENE5	Protein P00005	25489865.387768652	35325045.86892859	16628023.053101072	3568261.2860498615		3607468.514188581	982433.7908807264	2327776.839362152	40487064.89185038	33142934.13368023	58462178.336726055	10481755.408102343
P00006	GENE6	Protein P00006		9576439.250519127	888407.5239496226	1626660.6208580246	16958942.147982236	13924263.70275783	35000054.74224936	133960321.74614006	7583064.702815588	31054703.981706094	1840068.6592012628	22386985.895178832
P00007	GENE7	Protein P00007	2221493.6050172495	8412990.94119831	16319803.757796856	2040897.7647783065	6402603.164868776	3448598.864634317	53517461.99007366	89877142.2079492	25961735.860124208	6387573.974680933	187897439.7938319	22611591.042085096
P00008	GENE8	Protein P00008	1644716.040031164	342944.94956445403	2002715.4886108644	1073502.4567538518	3019208.281555604	864810.7103912765	1452564.2924037578	10068749.771569736	8602950.558995126	14568253.765244702	45765595.93598407	
P00009	GENE9	Protein P00009	33063001.53092426		4220563.748720493		2339842.4111604914		44963732.934809655	1926115.227464584	7961519.868881789	6915723.008746577		4302445.605583806
P00010	GENE10	Protein P00010		63661963.93908158	145799654.21154645	3574887.1470381045	3472008.597614662	706219.0404594364	20345975.743014455	8461633.19754624	18815098.07041045	6637625.324205349	11611632.353274448	2519706.104183743
P00011	GENE11	Protein P00011	298538.05446105264	6669292.091059154	283907.70991733426	9593960.560381537	4274412.355275788	301472.52691137017	21282894.64450677	11690683.657772172	5777725.053416447	4764533.231002153	4957837.256625525	17511660.651095245
P00012	GENE12	Protein P00012	10599829.674038243		9146174.74247598		1755309.4426943136	19970252.54440449	78131482.04974186	119209841.64669457	5046609.224258114	10698608.15995644	31143694.477398816	4239387.370737033
P00013	GENE13	Protein P00013	797791.8021031237	9389096.91627581	3638145.782343667	1398666.8686968684	44201794.44487163	14239334.42688831	9429845.498977963	6333355.96275171	23446828.668631125	177437871.78859186		1668035.6813305798
P00014	GENE14	Protein P00014	2022437.0644695477	1057903.1786928216	1078127.602329374	3692073.5074787196	1194517.055165006	6435937.020457387	11882241.833012562	32593107.857182283		193169201.1697692	38107702.615314916	17579537.900200207
P00015	GENE15	Protein P00015	8228807.887946623	3240716.782173186		1094914.3369718262	6243834.523241816	7674773.109328293	3419883.6841981695	23658501.6393004	7958462.744072243	120749285.77056432	8323713.642472153	29795607.689249963
P00016	GENE16	Protein P00016	19567944.767477088	3348837.1849994883	728203.3936783936	19517493.14560107	11352653.037923582	2060074.512041671	8704003.030055163	193732775.2881666	14644174.954087203	274845155.5081033	5685933.201086544	126454339.74116243
P00017	GENE17	Protein P00017		5748937.530468783	5818453.261435304	14507644.122909935	3530205.848232662	2755429.7663215883	175485195.51161155	1521132.528921501	2875122.77743988	13189145.455507264	9943205.360893406	5035009.7853934355
P00018	GENE18	Protein P00018	2487867.304671749	5553659.304279917	5613543.221622796	5973055.5376304295	613128.7723332779	772725.9481799552	22269792.509123836	13341562.25582167	18769868.242018696	12520814.056227906	22811760.159101818	14499712.680879703
P00019	GENE19	Protein P00019	2834480.7896852028	1749674.1732532629	2879147.1675902084			603072.1428579094	90208254.91840458	1971011.471694778	7980965.246964953	118214723.5003638	22304062.22466312	54458954.275817625
P00020	GENE20	Protein P00020		4209947.0469351355	18317511.601428226	6438890.06831885	10461500.789279697	6129421.001071127	41497978.01397365	11340948.097463768	9373535.53261282	6795652.661714395	25421256.946070578	75104347.4567701
P00021	GENE21	Protein P00021	668956.0939990282	14048390.536055284	843110.637982373	3161430.857156723	4499933.11245825	5068859.6465366185	10104448.686609333	68774979.85181896	38828511.99072092	12300225.356506513	7434505.675660383	1809929.0575894052
P00022	GENE22	Protein P00022	352341.28134132025	2312731.7605110994	3766079.1173211467	4137469.7501130532	37582107.10933708	16121600.1958263	56230844.044027135	27768140.130309466	50051888.41321262	436984073.56022453	18468255.106985737	18240643.34342755
P00023	GENE23	Protein P00023	1265681.1251805732	4310660.240994932	3628409.2380163213		20309020.110532798	1228229.365738796	11828152.34621845	13996591.857198706	6937421.982185873	56700091.74210506	3178123.5750642368	
P00024	GENE24	Protein P00024	42103369.288571104		1977987.1271095444	1190552.9239995764	1448959.529412089	8677023.451241292	181837867.2084828	2897322.0806559143	18873673.12345652	4733269.589837507	2071409.380101121	58059122.202392176
P00025	GENE25	Protein P00025	2229963.345784017	1816070.8452954998	19882788.844123527	61000022.38135549	1098513.2042288398	247023895.7761471	49064885.32488296	11467107.852165965	1677941.3256701964	50037714.307258345	26182635.975393094	
P00026	GENE26	Protein P00026	161191.30493696238	584316.8839601026	10505909.432179468	10528081.51437016	11196527.23470366	22757284.457894024	7201608.169156733		66038621.685068846	23713838.98273775	6041890.7199088745	8838975.616687508
P00027	GENE27	Protein P00027	47971893.02525244	3923677.1028166506	3090049.98519972	593204.1770416187	944171.9022458358	8939818.038812395	10368218.301004224	8154261.012914344	2191242.716735995	5050345.160656603	28977444.97685913	2787746.042793274
P00028	GENE28	Protein P00028	267946.066580735	934522.3320948965	2929551.6297958023	26777580.5413639	3859365.4697621036	4144410.747099662	9259119.216760347	2773107.2600065893	11719012.340451283	3593113.4763611737	2368954.472545064	12759772.674039869
P00029	GENE29	Protein P00029	265807526.42080975	6971400.8276535915	9794746.206077473	2366655.492200712	2891903.808189379	6630766.76793941	90879874.86826399	2915081.829174455	12732696.173714392	33624190.78915375	14014248.719082143	4870376.236798405
P00030	GENE30	Protein P00030	1050365.3356882553	3369525.409691977	33635662.53326693	1112349.7236740328	578136.4182781554	5148349.772654427	2620470.0379263936	22376083.39834773	32397198.644728754	94650809.70678167	4011922.420927467	5805716.04059018
P00031	GENE31	Protein P00031	2101600.3467664197	1727305.1581729313	3551512.226569776	8170629.779425642	4661117.0552704055	10311919.141020916	185004.7635644685	2121823.6965902513		5415982.767517092	677669.8906876951	12806116.370472653
P00032	GENE32	Protein P00032	2518739.059663168	620228.0207425503	725672.7647223321		11181700.504125543	84243097.52242179			66609.88221713935	1787948.1490076566	2126364.9481266476	401979.4116340588
P00033	GENE33	Protein P00033	28205836.33552566	25463530.68239085	1057518.310523796	1662955.1400534944	1936634.5267367286		822537.745971257	1000914.135933271	888675.266301823	145245.29883957523	150419.5678775652	307605.4874279745
P00034	GENE34	Protein P00034	14581813.662409233	813226.0276754505	1130834.6241888239	1128898.0019929605	3936640.5395534877	3311941.6531026666	6554104.559181852	247335.06953696886	1436206.9119876246	21098302.317318078	703446.9779885476	392888.1117697756
P00035	GENE35	Protein P00035	50990941.95631064	2240206.4621549384	5431369.005299428	2550803.490518155	17303074.02096753	2119078.854892064	2525482.0447914563	798845.4821384108	533404.4495628407	351864.8326290695	48253.25996857678	1028193.4278423942
P00036	GENE36	Protein P00036	2897425.1351451757	10961856.46874549	2242794.540068187	1162645.2821161114		4157941.5371374586	72955.95536822251	5938482.393045033	6063964.935545787	1936914.6237214226	944584.4264539285	153111.18549782378
P00037	GENE37	Protein P00037	5138012.468783781	443174.9097143339	2360172.857917943	7194341.778573069	42550711.38429613	23247978.6488747	236068.72112253553	1066327.2857325429	592655.3157580227	666198.2676128234	60615.63717405266	397225.5951826853
P00038	GENE38	Protein P00038	23732520.951580614	1222199.3493985923	583559.8689809993	2820341.243167058	31467566.232011847	960324.005563659	960381.4865057232	150249.16987537133	1286581.0392918298	1373143.169423961	4127372.777174922	1651474.0702196187
P00039	GENE39	Protein P00039	909736.6072405578	28150489.28297454	8872515.281570729	1998984.4603263761		4310851.272099112	7912430.543106575	1175952.4370108496	2095679.454252101	805498.0535680136	3734874.434365875	1234400.9614728044
P00040	GENE40	Protein P00040	2312092.609232283	2915482.6326519446	1653227.3643719535	135985.07679473786	131975365.5835074	41788797.129783064	82017.21093369139	240694.00630802513	1681756.216380325	4661470.165472874	1401950.5519681913	
P00041	GENE41	Protein P00041	15490139.67154921	1599998.5891777351	3760290.6329688425		119421.27947640902	18916842.34301726	907404.3477270772	324367.10225878446	1162233.15829864	185582.9039116308	695353.845718219	12075156.18082223
P00042	GENE42	Protein P00042	3328443.092157628	233879.94667684837	4435819.761490963		5852074.636112119	53396437.17133743	3432627.624721602	125278.9817853841	82311.07411113282	441381.6030334153	1198144.9690036974	391946.3135650922
P00043	GENE43	Protein P00043	13805467.008258242	16230706.754098432	2690155.127764182	8086917.989475919	974145.0782471494	2319748.393552392	9274188.635001883	4077373.150085652	231643.6850327509		977242.1448007291	6391103.751968763
P00044	GENE44	Protein P00044	5295791.465958355		961529.0347415066	1351053.297869304	15590070.49535161			2646800.6875623986		1073401.3792738237	399992.9968615674	78362.78351492659
P00045	GENE45	Protein P00045	5723119.045614471	725255.7662505159	729286.975066457	274607.99156998866	4644534.771154764	44124637.65563076	1206744.6061870528	1687824.2418220849	7695092.205834791		3645582.002386458	1083462.3520876395
P00046	GENE46	Protein P00046	4673525.547416449	1376893.2801974723	1504241.1255891144	2549479.7673626184	12154492.181080615	15285389.081615327	6556500.173051238	4766889.146369992	93633.76328619118	289886.6677103748	599210.0797455012	1550618.6048803066
P00047	GENE47	Protein P00047		1836224.5786691892	3621983.719530666	6810306.778736274	1642284.7624886483	22315919.026134197	934788.8439123916	614113.7459622343	1188477.3853700107	5807075.098223105	1491054.1931417375	921307.4161404714
P00048	GENE48	Protein P00048	3756782.180058581	14469625.348305814	2949749.394691477	42401957.37813605	2203518.482315937	1517274.2641727692	535368.7875492241	402458.0281593745	1153702.599355775	1681954.0725432143	2168591.0975175807	2011713.6533093713
P00049	GENE49	Protein P00049	6502045.720633079	3700824.929437404	9448463.635649676	25841709.385077793	5580357.580155191	14021242.338514939		268097.3996177883	6146627.901826758	1043666.2848226834		
P00050	GENE50	Protein P00050	9995917.244877389	25800377.860997327	783789.0991573047	1886278.955910598	3249458.3079010774	1550506.1922768175	1647320.3957787622	2655671.684188465	1977703.073390554	3271103.14170553	1982449.3294663718	649196.0142612029
P00051	GENE51	Protein P00051		52924548.6765322	1416148.4987772587	1932846.1201197773	10168554.338459883		1233426.346941953	594555.1267942785	814870.7967330823			2436309.3999681533
P00052	GENE52	Protein P00052	6066215.631978479	3268217.7759619444	3568700.273127868	8239600.415034745	34837118.372230776		651262.8124219651	12441185.224015588	919239.047823312	345535.34287237783	118286.5558503629	746148.5257097722
P00053	GENE53	Protein P00053		360454.64081195183	1369834.3814585395	1321894.522445233		956708.1958292065	3957387.561935161	53729.01452780932	1490761.9297738965	279670.822704712		6051703.755047508
P00054	GENE54	Protein P00054	5155939.156136454	19125568.794765107	12200252.790532839	4482509.256813478	1158647.7301876815	1507256.879495363	2839568.0627017585	71570.70019540614	1843765.5832250565	1741284.7577713227	46712.5253133749	584124.6994845239
P00055	GENE55	Protein P00055	10121999.966575367	305198.8019650768	1256123.5845656027	5262111.981921527	264438.3160821553	39449277.47119383	189534.18677063755	5874315.084719095	798414.8434123915	1158027.883926134	998420.1800151478	125926.27747115605
P00056	GENE56	Protein P00056	999437.8282639936	50270254.87053561	29006256.818515405	9882233.154439406	5951205.646542377	558131.8508542611	999646.5657477274	1592078.3041242682		450207.98264088295	225551.66128583747	301179.04436797317
P00057	GENE57	Protein P00057			12918007.792297412	1634805.337983313	2097923.4138662284	10348778.481558075	590964.9343015013	1007294.4062242798	5989678.1714385245	4626888.5983184455	352753.0284414345	1084681.410857551
P00058	GENE58	Protein P00058	4101547.163909351	674023.0751007374	569618.998606765	457188.8521434178	27618502.339415632	7323264.334933055	3869038.1808080655	42183296.98186434	678476.6417385971	170763.76137899316	4097559.056638457	6037421.584937312
P00059	GENE59	Protein P00059	996505.8995524367	4980251.226404927	6067080.490731174	26255862.296173595	846647.9282110995	1577951.9356523703	12095642.408505399	608237.1000026724	9156475.197699247	220603.6174560138	145348.67113000862	544744.7329387731
P00060	GENE60	Protein P00060	1918807.5846326284	4677651.280974012	12528426.458827814	1017910.9039752622	2076477.055333861	5248526.99536694	1598658.4601897984	3260731.6158875097	111495.44126389839	2447693.779152584	778902.1471980342	226469.47210500218
P00061	GENE61	Protein P00061	8689552.343186807	2013960.5713712291	4194367.988319429	2068573.5236168276	625466.711864931	1272585.9941216698	639248.7482383423	60192273.20558339	945171.4745758156	36569.65912467572	4731602.560595396	2189875.284726547
P00062	GENE62	Protein P00062	9479086.752117526	2572019.8768040496	703132.3867378321	10576373.693928726		2018596.7356941588	26897779.44338807	1871568.6027084452	1404542.351322674	1981252.3572516234	9470382.032212207	6484822.013346897
P00063	GENE63	Protein P00063	20892862.005425654	27404088.190380543	753476.4908325139	216955112.13117152	2052258.481493315	40839300.945322104	14753189.90377866	64544840.07994109	2771546.121188091	4725618.678156029		5951605.140852444
P00064	GENE64	Protein P00064	1527337.8102098685	11302755.603504773	10028068.704273142	1781166.8021697027	1724159.9011102645	1314928.9214390898	8896749.224173063	1355396.0695538986		12416142.677552376	15838928.71520225	615363.1258234995
P00065	GENE65	Protein P00065	1636839.7519844337	1575314.7129081667	3419651.414315191	1755234.384741599	1231990.557948545	8671556.824266007	15945023.177443713	5849677.485760669	2133617.461600416	9263643.192419639	4228549.5029369695	121443875.48344685
P00066	GENE66	Protein P00066	29988232.775925476	6428852.98571189	1853280.2906910374	1199357.9545351223	34417334.62431828	13178547.015278934	2801757.337549559	1450647.7076922094		854530.7082724347	6632727.644160794	7696733.678106219
P00067	GENE67	Protein P00067	19827981.455118503	7171937.795714766		870926.4126001949	346843.83769174427	2639349.282070781	289612667.33785015	29127904.74045066	234738.6289620061	2965201.62626352	26151049.919701234	24540167.02103089
P00068	GENE68	Protein P00068	4555527.202089063		83027159.55443956	5612586.903906998	3238677.753173535	18438486.806707088			640847.9324388796	13475467.3951629	10153531.115232335	10512684.43148789
P00069	GENE69	Protein P00069		637318.002996293	5495530.189881938	994016.2227776013	5900724.339468264	1842888.562599613	5289754.374663321	5584982.9479133515	544317.3486318046	2133091.6984953396	1031774.567437859	20136897.57894313
P00070	GENE70	Protein P00070	4335747.48881555		15883927.774001602	2758833.4944955716	25099875.090053495	6834921.190774097	1705747.6949009963	5580331.983193446		17175551.38473838	2974622.1128759617	2832561.3179847943
P00071	GENE71	Protein P00071	4429329.556208708	21033719.992921956	22609755.275322463		8830522.063284256	1331596.69793194	11714415.193064032	6604365.457480377	8802590.757384935	2630390.487757524	175666.98222558128	1289980.0196104455
P00072	GENE72	Protein P00072		18510231.01319878	3902215.2905907864	3293289.994802871	3255351.0988645735	6056995.081526537	2680790.65817272		1356122.9975557756	3182750.8434514743	60906215.37775011	6792697.069692504
P00073	GENE73	Protein P00073	654839.355176221	10003114.128097799		2269657.7134648184	9663567.676195314	13820297.667351946	1607981.852400571	5261197.053113112		10942021.406287674	13899664.323861096	
P00074	GENE74	Protein P00074	1030898.0858418992	150700.22514447107	4912848.987980064	6341877.408703937	3844056.5725891585	1755042.5399722965	13508617.55697394	9443971.734094493		11977515.70755788	5062442.0688817995	742003.6545239853
P00075	GENE75	Protein P00075	581278.4240277811	3964233.256869578	6853981.527228762	3678429.210237374	3495942.2325622695	11216026.847575724	6036991.005379802	3556501.9045450757	4077967.5511619705	3801061.9505680306	15735502.367879359	9249290.52085575
P00076	GENE76	Protein P00076	875308.0056274836	21737316.866471723	8248373.813108058	2821472.505098004	1164792.470564907	932611.76094584	36817944.365462944	7381297.129306853	11716032.875464221	1459902.0899658734	21376318.27032356	89471327.54531814
P00077	GENE77	Protein P00077	1932496.2113325682	1993054.038955068	4638205.300652326		2535680.295309335	269859.24378789583	2292298.18656686	961547.0698997078	11114499.32092058	2500361.6573040453	583664.2663946699	972898.7555275811
P00078	GENE78	Protein P00078	1088450.3796534035		3766763.3949717362	36630295.53860832	44054449.70685581	13779631.677392771	2937622.411360022	37524737.62499379	35749505.10928176	18223107.97000855	1852114.1920438511	5112300.169631589
P00079	GENE79	Protein P00079	16857807.32632511	8563685.89768633	1657441.1790949784	6716317.798530152	3921518.4812236857	3349634.5882579572		1527192.9001568255			1700580.9182595005	32035255.806562018
P00080	GENE80	Protein P00080	6661124.143740901	8519938.782034801	23855537.63717971	5997666.585949396	10919057.988828307	1486429.574970081	636802.0443223056		32821758.69788527		9797593.383981202	5654540.774520126
P00081	GENE81	Protein P00081	316530.47667505266	2212486.3008976206	907152.8031386135	1337511.2296640957	7348723.246545724	8131441.017643433		26609735.062752068		19207515.393343918	162746.17451662046	16908131.690698892
P00082	GENE82	Protein P00082	2555094.9840539526	7112070.040850988	10977976.44651061	1391278.028194498	3661708.9605327137	39436826.114158265	11487738.696858117	1508302.5218843569	2309525.6988277216	8642296.146199439	549579.4907337719	1808883.9144320937
P00083	GENE83	Protein P00083	16644251.323687378	1887195.940460708		2261550.170105572	1251507.1900476224	5217023.580061509	1248761.8319965687	14688911.747856174	4786908.998241074	26089003.45137208	30900721.784243576	1104571.5995655258
P00084	GENE84	Protein P00084	2015298.547815326		1086973.8336816193	1113830.9710120503	1850846.0683124813	5951531.710451455	5576007.228176154	1318211.8807119273	15812167.602658765	22116557.179304965	13179837.206046235	824754.460194999
P00085	GENE85	Protein P00085	262411.2867450814	1994330.6088125776	1414810.2117238648	486299.0707074293	21437504.87654166	1825503.6190512136	9529315.58988012	442021.35438903933	1585614.4292001587	5947245.936383959	2024942.5084275904	580569.7196615853
P00086	GENE86	Protein P00086	7404541.409450902	1111688.7875164188	1206939.4847133316		11549233.842392046	104849715.64960897	1045483.8434856154	10166168.805132871	981981.058162003	4552138.402578686	13934925.91302014	2552591.3439636915
P00087	GENE87	Protein P00087	7841301.705078925	720193.6388829281	4385240.821391796	637365.0196828255	17944211.35351704	4339748.041736184		4544892.098939382	3883042.816926037			633216.7697750925
P00088	GENE88	Protein P00088		1641262.1356180133	3621011.1053328617	28232234.577603992	486730.31011178915		7601845.949600432	7629328.208749743	1070381.0803494367	2018479.5595542532	11574553.035648013	8423615.296340026
P00089	GENE89	Protein P00089		143881.13608006667	4017094.875793876	1977887.7891577163	23695825.91803982	3824273.609636048	15140801.176093414	404751.8107414106	7173870.714817663	22572158.085453156	4471716.458671646	18927063.627191518
P00090	GENE90	Protein P00090	25813065.19138796	5262514.144646096	4848525.679140745	8218112.77498679	5005713.588854835		3751235.3775442434		119374476.82948022	9943918.24214429	5344756.188282059	35469877.11633404
P00091	GENE91	Protein P00091	989917.8563709469	1617372.2657543328	57257020.56241342	1932427.4635379948	27623107.409640096	219362.97917556518		21958739.72870591	8167261.847603641	3228117.759794106	3359149.25356355	38204061.06528044
P00092	GENE92	Protein P00092		1586925.3576876826	9924901.172416229		2244063.146787223	4248730.048655633	7386548.57684035	8015004.689453908	5917823.4746996155	9697025.289987402	4563385.187814893	1188119.4923318103
P00093	GENE93	Protein P00093	16025285.194831327	2752340.1009061765	1009292.6722597117	7322470.005186141	3001612.5542524285	721207.1025464933	10249081.51045925	1640553.201156149	22166831.917869095	8912379.239558516	4994014.149784314	604740.9025032233
P00094	GENE94	Protein P00094	1936667.364659643	594421.9361632124	3516235.892039727	9479547.012488548	3230731.333446345	4209156.036797416	82006860.97236381	2026925.0441227679	2245629.7810907266	6335366.440596729	124846.12354121762	10060691.383619998
P00095	GENE95	Protein P00095	5176960.010531415	31112259.430564728	13233322.096378613	8390948.673283044	163125.81540041027	1064638.2622529592		1073192.0786670572	985737.3015092142	5386240.999737766	1747041.7093384885	7586885.847146991
P00096	GENE96	Protein P00096	1753160.7311129898	18225535.36072537	12273426.662538636	3801946.67229051	491374.48003837815	4264820.516417677	15863297.354236156	757836.3948501619	10804324.131747058		4765282.378258335	1801193.6481602006
P00097	GENE97	Protein P00097	4194794.293345059		3459701.459408991	2479287.205705521	4763240.749627016	3037937.052568018	1127242.9727583006	20947468.971947804	485884.99424513767	7671554.719851433	1797096.7699233887	3109506.490232985
P00098	GENE98	Protein P00098	269289.9238751187	26244913.460492395	4351872.209032935	1628409.9670684838	1279115.6586467098		10668029.703322284	732606.4291696898	445254.4037184072	5656987.792500699	8820964.221307885	1041288.086860187
P00099	GENE99	Protein P00099	4314068.697016148	504483.41313080624	7717219.716534842		4036618.656430995	25456511.408348072	25406978.255247526	1584813.8962276578	1091802.48710866	3829946.993394326	863510.0481476273	5912730.529840855
P00100	GENE100	Protein P00100	28839092.853159636	9683000.576866947	1382765.5016978937	10449836.799572967	43223622.25419616	4061736.143625134	535001.0041428381	10782213.488931427	1359859.3683623609	6944749.391160341	881595.429136609	1165401.255007856
P00101	GENE101	Protein P00101	16852821.504472274	1770757.8417903034	1424225.3350245198	20394713.679415736	3860650.7393082194	10066270.396537723	647878.0027942758	6168624.829944676	7969741.047082084		11308029.39985684	777102.5673808524
P00102	GENE102	Protein P00102	4401601.480129417	3143248.6338578984	3584061.4140457753	5154595.555828398	56822523.142281786	13163010.309157832	1529823.4868799655	5756559.768873107	7939696.375806166	10371156.858058397	19561950.3272854	83707830.12821575
P00103	GENE103	Protein P00103	2575764.8380863103	42834541.38424573	6411743.07481659	11880277.70623372	1265013.5554010177	7279572.888880346	299647.9025771365		12423342.42632094	3545029.893029972	9807258.20074603	18418190.66545504
P00104	GENE104	Protein P00104	3973732.3342405423	1867473.3735324997	974385.6633779297		12030749.324525982	11921594.259402461	841411.8894460201	11795538.859604813		441396.0861322217	13948403.064392004	13133756.385284208
P00105	GENE105	Protein P00105	5953910.077741797	6635155.613702214	5633965.708373685	2178895.9023941234	284488.8872995735	2295632.600287666	10885082.715700086	31559729.12347654	1028426.0713138472		2554306.187407242	1339584.4588839656
P00106	GENE106	Protein P00106		871073.1351922073		963452.30929895	183495.2068512153		3514389.083877327	507311.3459490182	10508019.43685734	24283399.104872763	1962616.5237002606	
P00107	GENE107	Protein P00107	79252048.86540286	6209672.925374323	21585471.3005432	16320068.653858135	4484762.752086161	25505936.54391204	3966115.6926294276	40711834.762401104	8874375.946702344	1037957.1913262225	1487711.9832904295	13490707.825107493
P00108	GENE108	Protein P00108		4016040.994944299		5018516.529673568	27119523.20711281			7063425.962690124		3972040.609813914	2274777.4186846246	7615221.117509059
P00109	GENE109	Protein P00109	1932968.7338033791	1698911.253011036	465196.03353247186	1728761.27003244	261677.29408333838	14033863.390200052	12053183.704613987	3790044.419531247	2906174.2189392233	9266888.747937419	18533171.610345546	
P00110	GENE110	Protein P00110	7189974.662333288	2739465.9075838826	18183290.96424036	9121913.799467579	1014990.6250191962	24796418.502056554	304808.5053521873	388755606.42477053	2162282.9776249276	6332992.446460324	8438496.683794083	294851.4210345878
P00111	GENE111	Protein P00111	2943653.9309622888	60200772.66064655	547735.8948735828			9044714.955697618	41047714.99603223		1297941.0155328193	4332156.214047737	15123513.200661067	6683320.159404688
P00112	GENE112	Protein P00112	17593604.634338893	257537.39263064062	446645.36207148276	17354447.892051794	8463919.742969185	19052350.311892677	9885903.73649615	31310221.560185183	1990065.752207224	6200772.10589161	7927629.369299253	11337494.204513382
P00113	GENE113	Protein P00113	2730762.193371066	1141795.8329310783	7669823.624289675		497344.28378395777		2781753.0247286777	1404827.1161841631	2213396.9994094847	438515.8404584904	35048183.642460145	10092702.728854427
P00114	GENE114	Protein P00114	84702178.47187905	5473859.9562448505	21865785.606603857	2079084.647063651	2518481.667727888	10045283.582331158	14632791.939567685		1479387.400656442	3243042.937232715	3980068.997004557	8860581.227441018
P00115	GENE115	Protein P00115	10715129.213385584	7210237.454116743	39412746.396126814	547169.1284972284	8330806.305383361	6127806.437498038	1212193.3529159606	3811503.753467454	21834491.483138576		822059.2459790057	461531.71614481526
P00116	GENE116	Protein P00116	7813875.865958431			6804953.036622044	7451849.814153347	1742604.4483831301	2673201.0708023407	707352.7689798597	10576418.75307471	2675562.0828502467	1999876.928617227	1875662.196744159
P00117	GENE117	Protein P00117	1621536.6804418382	1158370.3548622194	5213178.097831522	1691312.8598073253	2469423.0342305154	325930.1873787991	7439528.655595528	2270725.901517017	12652740.52432703	6476441.536315835	106345046.81377654	2158002.7178848335
P00118	GENE118	Protein P00118	751241.2176539153		2362483.8132919483	17187762.77098194		4600967.012012857	43417730.11680849	5719268.815564658	1567540.5999485198	2994801.0745789018	1748330.181259405	2126483.9871107694
P00119	GENE119	Protein P00119	19910157.07729771	4297981.841868159	7125660.358223557	10840334.112064699	13406811.937164469	5017832.827843344	989085.7874531512	9158424.594464831	2611891.4361394844	385817.3248367048	15778898.239556344	37825069.298061006
P00120	GENE120	Protein P00120	24245043.06637854	11792632.931941416	5692473.901677642	2919366.954416004		15148493.289367426	7562247.689604883		1247473.383662411	13757536.901609842	1212840.0418322696	22780976.07048482
P00121	GENE121	Protein P00121	5280807.903515304		3004258.213443839	959607.2279581806	83954670.46469271	26349892.01040922	4431174.162715141	2056472.4623621786	6143506.671688737	9654880.503790658	1322681.3150501165	6281506.741132657
P00122	GENE122	Protein P00122	860404.960688206	22333354.747994974		18988267.767331086	926209.570132951	4559924.669648047		1249009.2632477635	15514677.957288451	20063277.134689454	6036623.789993051	342260.86938228976
P00123	GENE123	Protein P00123	6020968.796472888	10272152.278590418	24021681.96194075	6890339.082874877	5120097.7743610395	157924577.91582972	9221516.247488985		22292908.365092624	30999842.73397945	2741174.834734028	7976173.821609866
P00124	GENE124	Protein P00124	7469704.821360955	4290680.16194421	1124078.4514259638	2859399.1879233117	5277156.30222954	2367191.046641892	4989779.805913684	432594.86693353264	2052619.991338341	2244610.7372849914	25929984.852854535	1370738.2804528226
P00125	GENE125	Protein P00125	401479.5649859864		6643570.755133471		10171662.548135858	3578904.3638848015			4128457.15593542	2898640.649520061	9324712.555445028	821648.0247082744
P00126	GENE126	Protein P00126	11619215.557210546	838247.0197496923			3840183.830275663	2677820.9391077696	5831093.905588469	22975436.048427686	1294993.8601066612		206050.3511490487	1972471.9256943208
P00127	GENE127	Protein P00127	3829864.5957771973	3231890.4175976166	426499.2240345551	1464237.088506637	949909.9127995657	60134329.080965385	1381187.1988941312	1983653.1583710732	13878872.70009313	7440136.968941267	19594751.877111077	2037532.95065982
P00128	GENE128	Protein P00128	3759618.812046163	11288677.344887313	4202225.963585253	5274663.609168587	524861.4320825238	1936907.2474133784	1497447.6064352582	257796.6835281694	2291182.578521913	7710768.556230775	12741016.921825346	1195984.578504872
P00129	GENE129	Protein P00129	563260.0975512108	46487562.26992706	2760497.177909406	1117659.6798160153	74765039.49667044	491051.8193970694	9182124.698712874	4796812.9372443035	3942570.2525899787	24338374.01207141	1554623.525936422	5162599.5929449275
P00130	GENE130	Protein P00130	18163198.9073211		9540087.705330607	3690695.6061812947	8533067.508166816	15920083.033747552	2051286.0996064434		307121.7441716617	85597518.28675537		2807780.8485183218
P00131	GENE131	Protein P00131	488297.3796532685	10365368.88260354	4109641.960089203	7004088.994589866	17245230.24324884	19571900.39326335	5177631.43249879	2597274.443241411	31633556.189921368	2542369.79136524	335776.01679005084	7274916.416539812
P00132	GENE132	Protein P00132	2040352.5917573108	563137.4956337387	1882841.9445005269	961013.6616502943	10072435.803815844	1894769.5504157594	864027.0971458218	4156010.2288104165	2275697.5811542827		766985.1131587438	471131.1243767512
P00133	GENE133	Protein P00133	4026513.851985116	3582785.8104128903	4988281.430384763	6533760.700335858	23072503.208363518	2632568.3395743533	719805.4096004467	1948113.7865600227	24257670.720228262	10270977.074788593	4963345.392944214	8648954.323753597
P00134	GENE134	Protein P00134		1159006.5354711115	2151285.311770178	14747279.468668172	1328859.39678223	1717678.8256376607	2006028.0580653439	1872107.08282949	1764810.5724768948		19464822.949920584	
P00135	GENE135	Protein P00135	1945363.5380062952	3523004.12584288	1059440.8633521814	13001219.478021545		8885823.61356281	14846814.382826278	97212588.85352793	4922564.632324382	3239296.963366747	2977555.4066055254	4881031.099562015
P00136	GENE136	Protein P00136	1533839.558017491	7110276.333461548	1597653.3040799014	477486.5519953491	3327969.537050112	13277192.921012137	14885215.755017541	2475446.641084656	5951927.151263689	3287584.1911964766	3841216.1777264257	8967957.255332965
P00137	GENE137	Protein P00137	8569508.663971389	16627786.712118395	3203652.2626928105	18672585.208703216	29455231.838853095	2266140.982658602	773941.2518518292	2724122.816625984	1395431.9955298428	451411.2819762881	3149586.991760156	17470283.804923188
P00138	GENE138	Protein P00138	31979991.415462065	3310441.435911212	7101628.612678472	573266.3862475398		1543139.8472216062	4959710.294949365	592804.7647062188	37403138.45002678	3847707.97438648	4103479.4055832676	16907853.202324003
P00139	GENE139	Protein P00139	10912673.155415561	1283726.6828238755	1211635.950437323	4158121.920695162	19569695.556105185	559351.6065105161	25686924.45916044	14033373.073163059	828992.8973089203	3764770.042298057	9687728.317467911	2379891.877708801
P00140	GENE140	Protein P00140	7097568.988342724	2187411.813911207		17015613.929666404	6707618.181060387	14857126.914902288	599619.629585029	6071897.296229366	5938387.686321279	1528684.7559418557	4429988.901666829	6272314.72231397
P00141	GENE141	Protein P00141	10950952.769036373	932886.4972926104	379309.12455605605		3191842.995479341	4953003.43527129	85198775.96307878	26656646.230049368	10912392.521707565	913021.9909306067	5926207.520354342	3134964.459835891
P00142	GENE142	Protein P00142		4552606.490053516	2691415.3808799186	2918747.3994466355	1961399.495514113	1114765.099396134	4014679.82493199	558589.9932518782		32167434.897829354	913351.6682724709	1547031.7306285985
P00143	GENE143	Protein P00143	26724149.798676345		3199991.738183255	3748781.895422508	8392243.189267205	17860642.565891955	2727256.602627885	2988402.5308077843	15050208.19002871	7214983.401863629	1576911.5849596437	1078831.3106519515
P00144	GENE144	Protein P00144	2421833.7807759503	435018.40654006106	1094052.4100510685	677464.1364543163	1813885.8973068602	2216962.9276394746	2807412.335087083	3253556.3676189464		3058426.2827637736	4387310.186718386	15761116.941670418
P00145	GENE145	Protein P00145	35966453.05615483	20298562.252870757	22980020.82488508		6366063.287230759	1476824.652452859	2470521.6207743525	4654926.964034484	784518.1186582337		16626299.942301538	18084840.757607423
P00146	GENE146	Protein P00146	3549208.5854109563	7914423.617098385	3528336.60222803	1772331.7640610696		8277531.646547357	3413043.726859748		4621023.0747463545	9004259.832974419	4098793.9428536277	388014.34777778183
P00147	GENE147	Protein P00147	1541029.6525758451	768722.800339821		13772828.716113703	32397792.970491495	25542826.384847533	31917478.678882014	8226103.256090639	14889177.745896554	1339748.4668086902	7131257.137925729	9637657.164339399
P00148	GENE148	Protein P00148	1742410.140180279			1518714.8729014646	744031.1746475928	3071340.0882632006	43641595.887203194	49982877.243999615	2725006.150719877	6157313.0386038935	17843847.576067273	38591569.69775501
P00149	GENE149	Protein P00149	24736609.250304002	262038.78659104992	11228134.589581668	449483.71026263584	29202746.75578312	11297061.151770413	8510766.356556233	5327540.547894159	13794031.53799562	719463.9481384718	11580553.47119202	
P00150	GENE150	Protein P00150	239412.66706831334	23761575.948754624	8234950.847260856	52390572.65671669	1445294.0642816713	14720225.119939504	23623423.580987606	18556113.746054363	2836870.1928579197		6730139.137686478	4382285.804462848
P00151	GENE151	Protein P00151		2784650.52351937	2007194.0439516564	7404922.3979256805	17426388.914744437	72413229.44381657	658206.7979812598	2579591.2199372086	4514061.310102401	12810818.022881247	4303461.896426681	927445.6958688615
P00152	GENE152	Protein P00152	291128.9315947742	3237983.3559180056	2797947.5807413445	6101254.073082939	454516.60906035214	2185696.3137936443	1537687.7051417716	1104779.2031937495	22364858.751988333	7171217.618199939		40085527.36676564
P00153	GENE153	Protein P00153	9375348.541415362	6121987.332231811	6808809.183534191	1705084.9787541807	17618905.415638953	1368758.8847248063	39550030.163126424	7864135.509110544	8612879.185536476	1363679.6524548554		8360864.035199539
P00154	GENE154	Protein P00154	3553246.7096047597	16678589.973431615	9746242.047414515	69629651.01354767	13723656.279445803	7255242.883550693	7416542.271740187	3439191.674420288	5171353.096216324	6096892.072143187	737739.6729978409	13317155.938900085
P00155	GENE155	Protein P00155	977287.011795393	45149806.79804673	791332.3163068077	4471018.038154065	2068233.4007739874	2600449.935255063	7227016.952625376			945715.6626179061	4633012.299312727	
P00156	GENE156	Protein P00156	4248949.604789981	4731269.470992191		3639619.526869422		8191812.651018432	30281807.608700216	23109209.46630576	801770.7177307835	9238868.388315985	9405158.29255486	10818106.198167505
P00157	GENE157	Protein P00157	36846840.9261304		54094445.0240244	1764551.0849900725	1516543.5275006173	2844796.6771953166	5036771.0546721835	2871074.2994756503	2985982.7517511663	3038080.472907962	11387834.459444819	1572146.9188799981
P00158	GENE158	Protein P00158	1160465.6104785658	734575.4360178418	2587178.634495149	1430019.6786192209	7237744.712131515	25423056.28800991	522671.31825408025		3912538.530325053	3639927.9984640717		56705840.53053756
P00159	GENE159	Protein P00159	34322426.76944235	3266724.5202957685	2724356.982499665	8823298.608619628	4774812.954576409		719145.869559649	3878919.1801468604	11742995.741904123	7745733.935910253	14264412.549282286	18199704.014428217
P00160	GENE160	Protein P00160		2718525.804566087	2644762.8281270983		22795445.301101625	3886771.5812262227	1407455.777430963	847388.6913284942	9431217.684233846	1595718.353466545	2115698.9824930974	4079684.729542154
P00161	GENE161	Protein P00161		1666173.9405718495	8975375.153706023	4620003.180915843	965483.8804477245	66675267.34013452	10015441.610167842	346654.984320308	995264.0955762602	6723750.033070465	3379243.7627143785	18955034.468928613
P00162	GENE162	Protein P00162	859068.2333377347	1018595.8369027571	920714.6031741215	629580.9058898651	180462.21682924606	46768147.790172055	8635201.940101916	22365252.92884597		8160634.179238241	405950.2737991585	5486546.137275043
P00163	GENE163	Protein P00163	10121317.853195257	1353407.9262526983	35899688.11976752	2783120.810112875	1171308.2565088836	6137782.113441312	26431230.72588959	1465316.2478913136		27328594.245123442	11334862.328067645	3900620.859120101
P00164	GENE164	Protein P00164	39425806.91858023	10883588.224679593	1312782.524139082	915965.4956876348	8790566.786641253	2929542.891736411	9467733.074247992	2705661.614245071	11860046.582325766	3564214.9168767924	2861849.0019386867	2967174.6749750273
P00165	GENE165	Protein P00165	1461470.2456106876		2464279.026990123	434246.0574028261	6080685.149557336	4694659.677416522	6519611.981211313	9210825.439177591	12601068.130094865	3069271.8270071344	8502649.534024497	5623262.798100043
P00166	GENE166	Protein P00166	1278836.0225331036	14374972.45411303	887672.3736673377	4474978.470926433	5356587.728793111	6593601.860906412	17922750.011440855	1691032.7540836362	6344655.030506072	6078909.157038978	5404982.379916587	1856568.3249267903
P00167	GENE167	Protein P00167	831024.1509788028	74911.17644964752	18456771.081778605	238088.55948573773		22560150.121776182	4430003.847821699	12359001.125773055	26496633.80813943	13137243.602261778	5683966.612311607	15324867.65425586
P00168	GENE168	Protein P00168	9522072.629311772		10352124.637972534	31153531.29648452	3977043.284094341	6924121.228434555	93540.18143654343	990228.292130416		5287714.159092754	42747597.19360815	3265709.981579649
P00169	GENE169	Protein P00169		2422881.110373303	1268849.5595024407	5885549.456344648	1410091.545071935	3256058.4081331315	302008.2572612377	2054950.9233850448	3736483.9464485175		6326571.757653249	380314.7821712319
P00170	GENE170	Protein P00170	3188969.501350368	5194986.222400695		6746148.990210511	747313.7446013173	752842.0685326153	25713961.929294363	1425359.1101749572	21180840.790839054	13135680.245965714	6497942.557852448	7100041.140955415
P00171	GENE171	Protein P00171	1881891.1135727863	39935941.12471584	17333394.513426345	14375476.295990981	1894638.1540524517	3503152.151965849	1693678.1423652149	2810483.604209235	2487657.6731394813			12483073.388045348
P00172	GENE172	Protein P00172	20654390.52933677	11913066.142956974	13618447.519028008	3549401.7199514145	13747388.758950856	11466601.782701787	28182809.274844393	317719.09751542367	1185433.1659606805	4216443.764541578	13487912.639342058	800393.1996655642
P00173	GENE173	Protein P00173	6703152.6042744275	696180.8208548905	63573536.44650939	1870593.1903172531	49099478.04657398	21438364.52262005	40551116.56818104	277574.7130524439	2271039.8207086883	5621391.80622529	3421439.0889371247	14852934.82694038
P00174	GENE174	Protein P00174	253892.26143330717	8892689.166528985	2800322.2086670506	791619.6846068797	39116785.32570943	11296937.531624792	808715.7492257995	12294972.836896267	393011.90394332114	518451.7113808496	549598.6238413639	17475070.95555931
P00175	GENE175	Protein P00175	5333548.745534179	1906867.2231457296	3682727.1351525644	19935023.422823276	768049.696863594	8861514.871308014	947402.2447305773	951107.6731657337	486193.6111084265	2944253.8571555247	5160370.277772318	20183736.469529476
P00176	GENE176	Protein P00176	4822527.197507865	4818558.423976542	42467971.759380676	113452.94064543558	3849025.924593552	4694570.049576628	85365.76142884369	11644725.105311545	34447345.233956575	2270074.7007726217	2017754.8205469048	646493.9084559071
P00177	GENE177	Protein P00177	17173397.262370434	3395864.794886595		744374.5264018459	776711.8904019898	9385957.287854748	33632778.54240806	646568.7868259397	978370.4616585652	1756427.9027338119	4748290.348741269	9521288.891220441
P00178	GENE178	Protein P00178	1912688.4147624655	2342178.701558821	896393.8001421004	4146527.6520752423	595025.5396691365	2323911.4380598003		6702467.596325981	1213581.12736773	1684380.6563130976	6278740.429247583	
P00179	GENE179	Protein P00179	3364448.1183986417		9396619.855594806	132601.68177143187	1891318.6839947018	3524610.60177602	10641173.406046523	3833143.428407288	22020645.20705936	47061603.3032813	1253920.9054293537	4282156.725049249
P00180	GENE180	Protein P00180	12538042.548379928	823210.146241479	4075408.017171608	1457475.7648976478		10304690.366001066	60562318.850968786	377432.2534642331	6615296.202390892	19343180.990364492	1441150.3871571424	
P00181	GENE181	Protein P00181		40088818.87919756	299151.7970539546	1400587.0536541864	5684465.881515976		4654522.099071144	827054.7524549285	1368995.05844867	1760338.8041930147		7433210.236053228
P00182	GENE182	Protein P00182	3386131.709624293	4783835.780596191	41175590.05414997		1070529.0441760013	1066403.1073758597	22328073.55134744	1589024.6136171194	87734808.66527505	3118755.4986955426	3793493.30688088	1289901.437635209
P00183	GENE183	Protein P00183	445495.34810881474	4389766.05435754		2619624.045094679	11886094.477361051	5157801.291515271	13067900.501998492	4663357.009661883	4052290.2999887364	30470668.33840386	2974145.7792704296	974767.04784626
P00184	GENE184	Protein P00184		318097.59387265064	1230252.560450304	6331802.189346671	2574468.307565695	7040046.413532912	2445820.515700955	6239657.803447498	13055578.579602994	3736538.7396807713	3997792.7929015527	20400590.479508296
P00185	GENE185	Protein P00185	4208366.114751068	465041.52552621864	765306.5039838435	185372332.59178698	54526897.44734302	216519.08561564746	1990432.4400423742		9157749.172931984	40238809.08887813	70207150.32196425	2211025.0845123045
P00186	GENE186	Protein P00186	2410516.027390377	366404.9597565676	1399662.5758629565	398919.381347236		5248814.333261481	1461500.311656365	19092838.275544297	61759562.169231534	2305830.167393337	1760496.2733919418	18949679.302513946
P00187	GENE187	Protein P00187	5868613.594456117	3234478.5698667457	268827.3063078022	401688.3301408591	19033803.697598048	382736.41443540325	585697.3554972484	9027246.077814162	11852219.324632352	303535.94341910485	2427173.023103147	2674268.892413603
P00188	GENE188	Protein P00188		63303417.089183204	7216065.282396047	45056771.3458833	5255845.566471123	22442194.253672916	20637292.208597913	1677398.1369722118		5619397.641075902	7373021.525072103	46350976.646244004
P00189	GENE189	Protein P00189	467776.6174200572	13500542.490317805	10192919.554538593	1631538.6266527553	66624307.255489826	2058939.063680496	2289833.704784925	2394120.5306516327		5713535.292218908	10808677.980930572	8584816.760219708
P00190	GENE190	Protein P00190	1115842.360698734	1056965.6718342374		18956656.27244479	11296350.793312358	3521877.4154206784	2785924.714885266	2510305.7718742527	1937200.9862756527	1875563.26374073	1099819.1921280925	16732790.11397921
P00191	GENE191	Protein P00191	7074655.493802274	12203426.27171776	2016206.5426414644	7482661.096886469	1212993.973382852	6505223.829388991	935229.8707560345	49737957.72383091	4336495.921186741	3730511.2941882834	9547818.342103899	5131336.909080961
P00192	GENE192	Protein P00192	11446342.979914714		10805865.677142374	26466121.134660427		5856357.182549755	49899530.97905373	135477172.23834035	1057542.5702324642	9908167.779999712	13491421.349538133	3489102.782094556
P00193	GENE193	Protein P00193	532950.4183032417	434320.8135114029	36792753.86193826	3280698.7963451403	40574250.7088906	4095638.4617588194	7275900.680141043	579108.290934232	21600139.989916153	1069736.1231532623	8834097.094579816	5089119.258554749
P00194	GENE194	Protein P00194	1152141.3698174614	809298.4672320875	15188095.240174603		6001802.073854269	6238184.754460096	21162690.805678878	3520704.0041881655		1915176.1599729052	1747904.1209951588	2849040.67464536
P00195	GENE195	Protein P00195		36057989.20802045	420275.5911301302		3765965.574682803	3966738.4771051067	2891076.601201732	1545245.9651730529	6046917.973215393	6165278.008488363	3182787.428588979	59923890.72192606
P00196	GENE196	Protein P00196	496810.55898672127	10967565.811358813	2790044.9456080557	1892888.9729732173	4267433.189169893	3731827.5377707994	14310039.085928133	6511592.44857898	2737145.9556745985	9057061.419050833	977524.7286154159	3757008.6557638715
P00197	GENE197	Protein P00197	4487257.473765882	2188087.563851717	5114557.294023227	4587592.986350404	685831.3870723334	9517174.857544977	7504637.76079941	30010402.872579128	221721.9658642508	256863834.0623868	5230301.687554403	2408645.6255437713
P00198	GENE198	Protein P00198	3206392.583175055	834632.506687805	12545926.027042229	37555685.013613656	136236076.86112532	6253094.497614015	682221.7232905785	36652.65517633328	3554909.9436454405	12528282.513016075	2257472.437920126	9290219.088736309
P00199	GENE199	Protein P00199	681795.5124619514	29169172.405351635	47783582.82422103	5833070.631815957	54583456.6157594	4189942.6903301342	14726230.955432348	4378659.175895694	8477755.58684632	1081757.1918589151	395267.17277742934	4813619.954276914
P00200	GENE200	Protein P00200	1098158.937302442	27545592.594824158	23535064.077839796	237135.3325972637	892442.6508505282	3858797.2981947977	12772167.06539611	467509.7536186919	24012984.059187308	3232866.4874847685		1342373.140532385
P00201	GENE201	Protein P00201	3742086.5707179927		5253214.9412176395	2025594.2194950413	2747017.5419795006	2792847.5691298796	5678319.998493521		3054635.6735474686	2844486.1142164115	909732.4006863357	11336109.073822454
P00202	GENE202	Protein P00202	6266730.6523100035	2154846.1733196825	1497183.340959755	821536.8689336122	18237431.04244543	6440904.370142968	5855767.331952645	3500215.1078760657	3855296.535381278	267295.3851225041	2419936.6852646577	4764316.9881539075
P00203	GENE203	Protein P00203	826454.8017161862	7210129.689452846	688234.930521401	13348311.15634632	537836.3235409942	28306695.83524033	1452841.7957064672	381808.3692323255	1314676.121327942	49702468.52535744	4342080.981685727	9490968.452111974
P00204	GENE204	Protein P00204	2872377.2054869332	5349971.396834507	4777334.207951949	9327212.267554384	24327632.50218654	6754936.894642055	9367698.94050763	9560281.222257024	2210480.281532227	6342111.279103658		36326451.70605362
P00205	GENE205	Protein P00205	19985742.106656335	1242129.3086787777	3057826.2826437033		4302237.012956703	1647068.2505792785		414536685.64301974	1251379.137598717	2414876.500177053	26291598.457572926	6540476.659254115
P00206	GENE206	Protein P00206		7834592.754695254	1050279.1106361425	12427450.151418433	5345184.539873493		585858.8614224773	157336329.00696772	3706132.463677107		26451427.0498694	
P00207	GENE207	Protein P00207	795506.3391452669	13752603.470856491	2457034.1182693047	6824367.300178997	1230955.579491533	3725751.730931275	15575646.725836627	11549138.450530631	3594147.527235814		2247910.1917628353	6125463.5023462195
P00208	GENE208	Protein P00208	215331.0506148847	2850389.3411150654	225829.34451642813	522055.4232201207	1660185.7885019432	17564318.007541433	14736248.523334198	7254380.213703535	3751492.5400198586	10255064.096081913	453488.5539647709	1020725.8487609348
P00209	GENE209	Protein P00209	15012912.061878439	1502886.017158631	899018.8562248265	74940.91729347449	17971943.017878518	7260642.64667185	13444877.99395192	2707730.999789547		965495.0627190113	1288354.7676062763	7243385.275324273
P00210	GENE210	Protein P00210	54906025.93011098	128432.37832505853	13749125.823284212	4122394.1259544953	826126.5307450716	58781157.63925807	16333655.74094287	8169546.985912453	393404.2903121428	50569662.82980234	595965.1293450001	984684.4452323179
P00211	GENE211	Protein P00211	14541462.994014105	74567773.71618529	25016205.146010816	3582700.1161322757	370157.9960498102	3735224.4172939206	12880360.96277674	301451.324993977		2639959.2044959585	17063661.697688755	8388059.350394142
P00212	GENE212	Protein P00212	1033409.8942089885	3188135.8408865663	2761470.590661415	17508872.640319254	3448465.1898607267	14051953.45901991	11913793.338447774	7796620.648591176	518392.8278942341	3050809.753951074	3025043.9026292902	8361035.936128507
P00213	GENE213	Protein P00213			19981796.79304122	274724.7461364955	2559340.401379504	16440905.601163298	16797236.295460965	13525364.755378898	3261932.3918352565	2641202.539646642	481180.0551104623	10607628.168807684
P00214	GENE214	Protein P00214	26250884.392417848	221591.70231641256	14285882.753977524		983123.9040292089	1412715.9868178722		32897409.12210731	1610180.1040601807	9388952.21193108	5206350.23060874	524482.1270789223
P00215	GENE215	Protein P00215	22229374.35329638	11956576.66190091	3636481.8273386518	29042661.474430725		26920392.81295095	1001790.4820076068	79561442.75750642	4280491.595463043	346802.1925391485	4832350.451780489	4433478.8212923575
P00216	GENE216	Protein P00216	149537311.30321145	1210862.2610242602	9857830.823878834	2648274.1460702824	9160306.367510451	1783042.9396597124	612184.168428251	18402223.394318096	2003496.215757704	1724390.976501639	2604357.6579669258	
P00217	GENE217	Protein P00217	766999.2972648501	13668042.08380503	354546.0460571385	7952764.006686056	26731714.040383115	7928025.747168141	552380.8242066	380316.11781586567	3145667.9705761964	5372558.346334459	7118864.905844915	7521748.440743666
P00218	GENE218	Protein P00218	756739.562883419	25853138.206481725	7766849.443789511	4017832.0480757826	8338093.030749483	11904578.892679416	1631422.6826174457		11725279.365685103	10309612.972339954	15155098.143468035	12037532.985363392
P00219	GENE219	Protein P00219	693834330.1969653	2545916.0211465335	4997659.909962093	7857521.1750812875	17257629.382031877	3077218.6954807714	2251998.584690287	9073241.181672323	56761931.746784955	2190762.426989962	14264148.06002614	
P00220	GENE220	Protein P00220		4418679.633179791			8470018.664208902	3360348.872340797	28237170.02956058		2581143.9259741628	5212091.505618933		8485284.047645431
P00221	GENE221	Protein P00221	827156.3750165813	1884982.482071997	581672.8142036265		48901532.87884748	1223174.2305856117	2812555.66568415	441767.7302066543	174035.51379257385	928570.8306689786	940804.9815794495	2105299.8265765873
P00222	GENE222	Protein P00222	451012.89894217416		1688417.4702315894	474855.8270032788	1087052.8927610954	16874181.59878465	61981.75496519349	15888606.654179752	666121.9634872214	2102988.365941261	1063009.6527175324	1011744.1974105763
P00223	GENE223	Protein P00223	6475037.945301686	3496313.7087838557	11161373.180266531	25654462.236001067	369359.6217243108	886985.316884256		226605.17988069163	4775212.080358326	2810944.4393703532	18867971.550447654	4937022.037406264
P00224	GENE224	Protein P00224	1285491.1925543079	1374639.8018190209	33330984.078263942	9252380.52088013	4778983.309684137	1269827.1242552013	2897583.4795371075	81965429.9450197	15900696.332498409	2981928.546175829	692949.2588549384	966004.8613724349
P00225	GENE225	Protein P00225	4368011.382250268	25262255.57145939	13516025.35161076	47325432.14694978	4700959.806408658	17897970.535520077	1840946.3796627985	904921.6598671208	3922621.755800021	3677960.77653882	8072239.897455682	3978985.9558427213
P00226	GENE226	Protein P00226	373494.1928247137	3709642.4495267556	838452.4923323534	1971069.703018246	7491554.898216171	4041907.919148113	8707462.46797394	2757885.4270162866	926231.9594854125	20610667.63868502	3255346.168498127	
P00227	GENE227	Protein P00227		6072759.737727948	959977.3676408683	1855992.4648060403	21685595.223408047	16033682.177658368	22090767.718404766	30871995.77229624	3356616.4171742317	4869763.3487194	3510681.035907271	9546433.516018035
P00228	GENE228	Protein P00228	18757224.420361795		6399792.470708486	1973350.2484643566	4283012.589496142	15344711.66367111	151490563.51303813	2389385.6103649	10421695.306560839	14188293.389339605	10911062.636635838	
P00229	GENE229	Protein P00229	53620579.13821412	4661487.341992771	4606531.135323259	2566539.018306956		895630.5417664656	7682317.208441854	1379945.493783228	1618298.436159856	3010062.7964396933	3216051.707510623	12943387.535020936
P00230	GENE230	Protein P00230	29550711.204024684	2609837.280715641	1174362.0624514623	2566892.422856729	2248327.9958071127	2053021.9652831373	1611314.4875936888			4305117.928867926	659788.0856163013	380709.7068849584
P00231	GENE231	Protein P00231	1488532.294523002	5377650.291831557	401502.1220342919	2735653.7824532175	1127979.3489526748	18078760.027125984	4202526.7591602355		2187872.946837463	8455565.335409226	764888.210004149	3308693.438355384
P00232	GENE232	Protein P00232	890589.1855963009	3528841.0956967096	11876296.026122913	5673416.556373862	4467977.373212331	4164622.7131947284	543674.3161398517	10533366.414180126	5123490.484434539	5967927.813426643	5997067.562516269	751577.7067824152
P00233	GENE233	Protein P00233	769005.9320850717	2813821.8710112674	310143.3356364465	6191436.727662207	2106555.631442559	709400.5364065274	38158349.06831493	2099144.8544187797	718583.9669384467	1045835.5786372406		1540434.0687537587
P00234	GENE234	Protein P00234	980594.3449423199	1051175.3660090952	20873595.47332779	26935097.45339865	32058045.681278568	1993323.2811969158	7095465.292432935	6112631.0907193385			950945.1048187793	8169505.665504211
P00235	GENE235	Protein P00235	951605.3281261665	9007194.744268183	75441070.2216286	1390527.0902454378	27502798.10841456	5801342.9470751425	16113004.929974172	5565254.559096321	9095485.82644956	6109000.298673728	3063028.055288462	3768474.293351278
P00236	GENE236	Protein P00236		23366797.818862706	6522038.348624178	6920086.6028135335	2281159.067228001	178000.12626926255	21740656.875601016	11741669.33357477	8497384.596960748	21022547.592160366	28594472.424604565	31955740.325518116
P00237	GENE237	Protein P00237	598914.4164079074	22540329.893573098	1492853.636285432	6700062.742373961	4587105.349157908	903892.9315568039	8062806.970435577	131139.12851997322	67260313.96966058	3817951.192468425	1719988.6620653777	4916119.155568805
P00238	GENE238	Protein P00238	1553451.564599647	14169721.387923734	2614255.835765813	852062.0675674217	1661371.1299744626	25989020.66472725	2304310.057683662	11110314.56231115	13363895.866230106	2291888.6365570393	1145748.2651766997	
P00239	GENE239	Protein P00239	1074505.7908179397	3493978.6758927437	9291306.152806208	367932.9666787029	4010691.1714350665	1008572.6713119583	1182114.7797633593	12066620.258222379	649283.2646176639	3029463.411617811	935078.0754123357	471173.5955115521
P00240	GENE240	Protein P00240	653019.0512644877		1178881.386648827	94260830.76673798	1463785.7528568658	18126912.775031958	2244364.944728623	3401538.9356315904	4691033.1123104375	1207380.1299530205	13537272.88811089	
P00241	GENE241	Protein P00241	14489656.947751451	437096.5909979599	2233759.310527744	4973093.982110229	62187705.837003075	9572178.131533317		5760200.168817763			4058415.5323316045	
P00242	GENE242	Protein P00242	14650903.86054207	1672232.5865142446		1954759.5442847689	13011544.145325672	3574724.2811933374	23012963.07646374	2275403.9195220796	3288753.162430652	442112.15225219686	9753897.325887347	3519269.544373282
P00243	GENE243	Protein P00243	11999183.700661847	195414.22472551462	4942531.192744737	30114246.54023274	2572212.069454445		44040737.27072441	8892337.416696222	287196.165073354	23154750.580575053	2012723.6166467927	1895320.361156267
P00244	GENE244	Protein P00244	38321396.86919498	2462591.4638764495	1160164.1134445188	8745533.611486161	2221660.0475970064	5831803.522111872	7268939.992346525	2930913.81592774	3477952.4110095147			9075152.975135574
P00245	GENE245	Protein P00245	494305.25565658265	20578281.201144364	4311634.256665726	836528.8363316912		7959869.192225351	211393.49461466205	16454520.374963626	799162.898681445	3232815.040965147		10893517.83570583
P00246	GENE246	Protein P00246	7396294.032605108		9348089.707639938	7582034.257593755	2813286.2241824446	4663785.239822456	1638791.715451433	3775502.936705888	18292292.634541154	83686068.13617359		1880425.3659087576
P00247	GENE247	Protein P00247	903674.2464800694	17864472.975754883	765307.6682751417	5476403.474354021	4499731.749649778	1495637.8699597742	325640.9927349683	16799341.937516876	11723498.127246583	3464311.466880126	438359.6708240887	428936.2588893786
P00248	GENE248	Protein P00248	9897901.3739196	2941619.529092647		15837187.060769446		5395794.172722446	15950367.745455386	876732.4474383701	637471.4300269292	10045206.133479202	471325.89434860524	727203.8837264037
P00249	GENE249	Protein P00249	62151933.688786805	3063121.760505311	2535500.1014178656	1193309.3058058014	96442.99507872906	13522708.211106312		2312752.8875627494	7852879.410267569	4074369.728584498	1398128.2901651538	7699757.155845577
P00250	GENE250	Protein P00250	10872429.1200589	6131285.378022218	6737675.317912884	690510.7112610128		5182236.859301083	409745.9514209375	26270223.781582177		1654443.8068937398	7632156.096533422	94156077.17866085
P00251	GENE251	Protein P00251	813053.0212080257	1699572.5484584586		1578644.0011520304	83615075.31245357	590901.4452695434	1933790.2655745696	2435751.2992541264	31390197.856383964	2427533.2023375714	3989968.267597343	4404452.100474663
P00252	GENE252	Protein P00252	1222986.9622270588	3097039.4101940594	9508748.94315155	3966216.342302127	2636152.045804917	2468074.025448558	3969253.870249199	905812.9650757534		4679831.117671456	4328555.74440966	12502942.558127252
P00253	GENE253	Protein P00253	213059371.41643164	2128289.8034653263	8916387.209088566	2398267.8137608496	2413618.00782927	1417134.8330557013	1423963.355232184	13911681.308435433		8479167.110572381	1386238.9668537336	
P00254	GENE254	Protein P00254	2783086.897253111	23805821.7068948	2062415.5415220836	5946967.8365885215		2209015.568518643	3179381.781781623	26131257.322356403	18755458.717154555	9720400.99414386	1215093.781926789	16519929.17602128
P00255	GENE255	Protein P00255	1448239.1585818233	932431.3565328906	6299207.350888959	45800182.719854064	996366.6411482578	22156322.385154713	7324693.859334806	50972558.08794354	3501730.9775360357	9634354.666377656		2450358.2927625915
P00256	GENE256	Protein P00256	1223767.367076095	890085.101634621	13322309.712572958	15124944.894840823	1094127.8656296146	2000234.5003760175	12776679.802744448	5972801.300829398	1413213.7212345202	31207799.141112216	3172545.8700551386	14077184.649119755
P00257	GENE257	Protein P00257	17897856.14379185	3775783.6865483876	903003.0601557455	48719740.145181164	14716113.16586503	134606450.32877812	7721554.003552695	11493915.952976448	1620284.7984904537	24720373.72505659	7742322.5630988935	7213732.619240396
P00258	GENE258	Protein P00258	4406236.158786223	1369079.9080926504	4204312.82243711	626397.581592041	9332997.188913876	2736447.9656763375	11921240.611766499	4852218.001581167	739957.7131465051	18622353.37796704	13918377.476355636	9204423.112370254
P00259	GENE259	Protein P00259	5303616.406716799			488345.95856074034	765441.5295011194	65698549.82864382	11977156.498684984	10732857.906307196	3579237.0722432565	208924.8184201833	2745056.916587292	
P00260	GENE260	Protein P00260		11498320.487406623	4870543.964176661	1214137.5942074137	48035427.4840892	24493918.602674548		311871.75383209775	7366341.970297813	19635275.98551519	24226635.57807835	764845.1585982493
P00261	GENE261	Protein P00261	12702781.3499786	432478.9933877235	57051755.49935148	4516889.049398575	1187285.7118433446	5830948.133039999	3969670.1029168977	6262743.244374049	460251.3064052331	39784260.08902651	2288854.203541829	
P00262	GENE262	Protein P00262	1947596.60275103	2445948.4195392937	3806809.45333532	1824527.7735093099	3302211.744318017		15456309.227577142	1873640.5983570635		4715588.14015612	581702.3663705621	
P00263	GENE263	Protein P00263	9220134.359846087	3710955.5371819334	1176466.5588864514	4319862.050667153	60879785.88197854	4466511.987771534	3993939.338099773	49176801.2794328		2983043.71858564	1761614.6283337218	41311770.64289388
P00264	GENE264	Protein P00264	1980185.5283877829	1593578.0443869836	29912061.32967237	792455.5078720199	8831785.027003031	1468719.683339595	1657795.5154163449	4173842.868948065		4949312.24786933		5593930.149228593
P00265	GENE265	Protein P00265	6977662.095871359	9092190.9920968	875758.9014375218	23281431.89693234	249319.56475479717	4464535.363750106	14280075.479347752	2247180.4329180513	6733123.448381614		3257891.3907104516	2313909.9975701566
P00266	GENE266	Protein P00266	653684.5837668887	985778.6835268612	649464.4920611299	1786133.1063373573	239658.98507643474	123906142.52428119	7049293.4303641375	9677344.12655989	5135837.138007606	3164639.8184606833	41232082.02276922	
P00267	GENE267	Protein P00267		2192028.9493187484	387075.0533222252	3617362.394600258	17877155.949637473	1068431.5577963102	2262617.9395763464	12568693.363088626	5430038.534364848	2504645.7650640504	13030309.397845738	4374125.117254728
P00268	GENE268	Protein P00268	8628371.220246008	13082295.716500582	3491412.635571893	1361946.4170924996	6020873.010475287	10124399.485016271	9660956.609254306	48217196.18380429		28596632.69882351		
P00269	GENE269	Protein P00269	3867001.0374852396	31963408.7721947	339727.3202823365	18848083.242442578	917416.3177016258	17633129.981587	1098256.7540139742	1815271.2527679089	2016570.2770970576	54210706.963420175	6967710.785958173	5743005.9070376195
P00270	GENE270	Protein P00270	5589717.434092564				20131697.434386607	2122374.883835399	9902753.134266106	2372373.9609668986	3729632.7778637074	47206377.8781381	55491576.17565214	2023035.9014514766
P00271	GENE271	Protein P00271	2703092.322270891	3551352.1160498024	807507.2129804579	8578938.469633128	5267791.855310364	3219489.693480775	1822851.271432628	1027837.5418797146	6851723.599124163	108474942.90596032	29745984.05767432	6090663.599108895
P00272	GENE272	Protein P00272	3096089.1301827175	33175816.550837487	364614374.9297064	1973577.3154019786	20821135.114074353	62177462.9439053	820937.0844370453	15028828.015265139	10318774.052774437	59632561.61120068	686115.6163723788	26264796.043171767
P00273	GENE273	Protein P00273	1453677.5286295465	1293354.914272102	28201183.134007007	30037102.23487499	3952522.945882139	3705377.4356547687	537120.4639518344	2009745.9715705155		2034277.8812161442	9077656.332924971	912938.5272455189
P00274	GENE274	Protein P00274	4312413.225542608	15466638.462039074	21815615.581701826	70251385.01835315	20428742.333265573	373730.01983446244	6106077.5928879455	27322364.62774055	2724930.672323281	22037757.680611454	860147.6600971539	8694928.94520998
P00275	GENE275	Protein P00275	8625031.305188823	66992209.06251679	4135109.8625608813	5303238.481098133	1751352.9996534842	5789762.846998611	2764720.373000294	16285429.407104386	5512382.002868512	580618.6561018028	6946124.304342264	3982397.92109404
P00276	GENE276	Protein P00276		301371.9370478364	2196784.1908424897	196983.57419716057	13588206.771110676		23517545.025814086	233753.21352037584	3221003.0457837568	3076664.637590433	6125623.822922898	121752.8758990117
P00277	GENE277	Protein P00277	563542.40761395	4387502.842153692		66947589.111121975	60134535.04766226	10608410.022290716	609225.6933780626	1901939.6933182548		65842509.04185378		268816.71056666016
P00278	GENE278	Protein P00278		4524800.757977678		2929583.3218947984	4999672.065914106	3674006.314822175	2934224.3313223277	1704514.6939946176	2195276.8019971712	1938604.737533062	12905681.441955885	2973064.6726405993
P00279	GENE279	Protein P00279		5772856.82503836	2488785.4032137133	1265011.6063291754	538196.0926380871	2306457.438045937	13172489.420715084	9913850.958025435	493846.6064005499		19005184.79731894	3558298.7572006863
P00280	GENE280	Protein P00280	468474.5223664024	2812289.1396922497	5628484.931023319	2459290.4772345307	5410539.551879358	6563811.024572884	230770.42126239132	10753119.864592308	148731.58486199193	19912982.848549336	3012682.1529241204	
P00281	GENE281	Protein P00281	1723890.3912032447		2341540.5296173124	4078323.923333622		1744076.2897756628	598904.5948045746	482262.36659737193	6653835.080213838	271005.37488377816	65830632.751347706	1000449.7174640296
P00282	GENE282	Protein P00282		745777.9686298108	5926791.403298914		4683778.923882533	8329225.205525186	9826875.976248397	27509091.905042402	32606087.605969872	7858653.860978757	4194065.4993006536	4384041.778666278
P00283	GENE283	Protein P00283	5788534.436956477	3386624.391817792	4801104.348349124	848311.5143732246	15338981.007592162	5405447.867238991	2102054.140620734	14613182.743391152	63463419.88298626	4531968.83534246	8432284.460142154	3100538.4123340016
P00284	GENE284	Protein P00284	698040.564171415	4894219.735422763	1405699.6123112603	8897491.871674186	1781822.1276331688	3286171.0927119707	23519720.52067774			2826732.7977445163	3187296.663726829	3544894.6783984015
P00285	GENE285	Protein P00285		5899873.10234935	2727648.308486624	1437156.6601807699	16753697.486316813	1941590.845448422	7686067.3368302025	3933750.4709181427	4217684.472330454	240214.17222414096	10695455.28875095	14592540.104542572
P00286	GENE286	Protein P00286	10880795.634111173	2616256.601202282	395345.99028127274	9458930.79912545	3067643.5379442973		1111567.0096021532	54737894.18230963	930111.8605508567	592327.3641427129	83300323.42260386	7275312.69221809
P00287	GENE287	Protein P00287	8080695.015186517	4303115.679968833	825639.0312782429	21650640.213114403	2637079.5100711132	13087083.0450299	510713.0872915135	18176605.04480667	2458393.5501999487	3619450.6683479906	6858164.445234806	3998060.5485361437
P00288	GENE288	Protein P00288	2528450.9140021876	622367.18993567	2467869.7091057757	20772945.554220013	529395.4373558204	1234987.6446099656	1114086.6460838497	4433924.069412698	14521128.316560425	27846745.31335129	2800806.827663427	6001030.945350175
P00289	GENE289	Protein P00289	6525721.395224362		5895916.132602392			1352734.9961677336	3315486.497882734	2951125.714959878	9902367.866329499	1877188.3244681642	4929513.3898505885	619008.2042293245
P00290	GENE290	Protein P00290	270275998.178017	1427274.8038157406	6044196.655385141	13277455.770467691	12123526.63952753	14317555.335835956	3175990.7150112432	4739593.818424147	2376083.4580257023	860538.3203758002	4058373.783910777	3482499.7712473506
P00291	GENE291	Protein P00291	2051146.9626830514	2526220.2733358946	37473687.325765505	5683566.5187246315	7242927.80399887	1153511.0192221801	29531855.11843747	1925756.3271509407	277760207.0269714	9057318.035035241	7483571.928551819	13304475.91264993
P00292	GENE292	Protein P00292	1558161.4661751583	696270.9549156862	6277162.901132404	6033398.634509872	3739849.163068183	1299443.340409719	2546448.735551062	952683.8980437006	2560287.731397041	13014311.794611877	159443.36959670935	3772467.9168177773
P00293	GENE293	Protein P00293	1797951.1038387518	4904345.960489419	34513534.69941564	8235989.439264794	1469857.784874811	2366560.125096808	2064963.9364010799	3573271.99630049	6002545.1812039735	12352587.786394712	8536349.684735421	70038.50454215964
P00294	GENE294	Protein P00294	3193914.499334955	3720630.461242031	6146589.450574896	3953440.493391524	58951769.40466828	18033190.609746393	60581626.73725475	5914820.336767038	6468602.3920744965	3745784.8805679036	98107.12745818206	19361438.70492065
P00295	GENE295	Protein P00295	10376882.228070544	95483491.4334021	12960889.928041464	10900989.779253764	6858029.717899444	2305432.9988477235	10823658.445396177	1934309.4546835746	2976823.84741411	1814675.7613208657	14564521.39323249	4750725.674408035
P00296	GENE296	Protein P00296	571667.825671855			34782752.07907954	76449331.7352809	1398288.100020577	518516.2219016465	933196.4536194322	11720094.05259849		3231433.366373838	25018464.83370299
P00297	GENE297	Protein P00297	10968782.354323665	4900848.036417829	1024017.8031169134	10927336.229261221	1279080.3507910743	10302155.12603115	12446042.185574355	4663181.99590203	36220189.975776	2416784.525838065	12067158.440029444	968390.3001547105
P00298	GENE298	Protein P00298	4362906.853749391	1172432.4013907001	8372363.406585459	5255084.00117529	1297289.4773148	17296397.19583704	8241378.121014556	4096061.2152625956	3969192.8625035007	23794613.04967522	2410058.2059899173	3494402.196256179
P00299	GENE299	Protein P00299		3187977.2187110954	4628922.241117779	3779666.1839072923	5630104.8594029145	201601514.22277313	635518.6747845302	4869849.4355819095	1019699.4881721027	53065896.69653965	1926297.8051114639	438347.6783821446
P00300	GENE300	Protein P00300	2536949.0945394295	6471323.699787368	13962436.429665282	894537.9911716497	9850547.738733543	3848312.3376927823	1624596.7824256648		24153303.41182851	1253053.7823099485	5994312.674196526	299938.4828448683
